train_number,journey_date,current_station,next_station,station_sequence,current_departure_delay,previous_departure_delay,delay_change,next_station_sequence,scheduled_travel_time,route_progress,stations_remaining,historical_station_delay,historical_train_delay,scheduled_departure_hour,target_arrival_delay,day_of_week
12002,2026-08-10,BPL,RKMP,93,15.0,15.0,0.0,94,28,0.9893617021276596,1,0.0,0.0,14.25,5.0,0
12919,2026-08-10,SHRN,BPL,42,5.0,5.0,0.0,43,27,0.1794871794871795,192,0.0,0.0,16.916666666666668,25.0,0
12919,2026-08-10,CRWL,SVDK,233,255.0,255.0,0.0,234,32,0.9957264957264957,1,0.0,0.0,16.0,239.0,0
12920,2026-08-10,CRWL,MCTM,2,12.0,13.0,-1.0,3,19,0.00851063829787234,233,0.0,0.0,8.85,3.0,0
12920,2026-08-10,MCTM,RMJK,3,13.0,12.0,1.0,4,16,0.01276595744680851,232,0.0,0.0,9.166666666666666,7.0,0
12002,2026-08-11,BPL,RKMP,93,15.0,15.0,0.0,94,28,0.9893617021276596,1,6.0,13.5,14.25,0.0,1
12920,2026-08-11,CRWL,MCTM,2,11.0,8.0,3.0,3,19,0.00851063829787234,233,7.0,10.46808510638298,8.85,2.0,1
12920,2026-08-11,MCTM,RMJK,3,11.0,11.0,0.0,4,16,0.01276595744680851,232,3.0,10.46808510638298,9.166666666666666,6.0,1
12002,2026-08-12,BPL,RKMP,93,13.0,13.0,0.0,94,28,0.9893617021276596,1,6.0,13.45,14.25,3.0,2
12920,2026-08-12,CRWL,MCTM,2,10.0,6.0,4.0,3,19,0.00851063829787234,233,7.5,13.6,8.85,-2.0,2
12920,2026-08-12,MCTM,RMJK,3,8.0,10.0,-2.0,4,16,0.01276595744680851,232,2.5,13.6,9.166666666666666,4.0,2
12002,2026-08-13,BPL,RKMP,93,22.0,22.0,0.0,94,28,0.9893617021276596,1,7.333333333333333,14.4,14.25,8.0,3
12920,2026-08-13,CRWL,MCTM,2,9.0,7.0,2.0,3,19,0.00851063829787234,233,6.666666666666667,31.944055944055943,8.85,-2.0,3
12920,2026-08-13,MCTM,RMJK,3,8.0,9.0,-1.0,4,16,0.01276595744680851,232,1.0,31.944055944055943,9.166666666666666,4.0,3
12002,2026-08-14,BPL,RKMP,93,41.0,41.0,0.0,94,28,0.9893617021276596,1,9.25,14.051282051282051,14.25,28.0,4
12920,2026-08-14,CRWL,MCTM,2,14.0,6.0,8.0,3,19,0.00851063829787234,233,6.5,44.02105263157895,8.85,3.0,4
12920,2026-08-14,MCTM,RMJK,3,16.0,14.0,2.0,4,16,0.01276595744680851,232,0.25,44.02105263157895,9.166666666666666,13.0,4
12002,2026-08-15,BPL,RKMP,93,10.0,10.0,0.0,94,28,0.9893617021276596,1,14.2,14.89795918367347,14.25,0.0,5
12920,2026-08-15,CRWL,MCTM,2,10.0,7.0,3.0,3,19,0.00851063829787234,233,7.4,40.903361344537814,8.85,0.0,5
12920,2026-08-15,MCTM,RMJK,3,13.0,10.0,3.0,4,16,0.01276595744680851,232,0.8,40.903361344537814,9.166666666666666,7.0,5
12002,2026-08-16,BPL,RKMP,93,26.0,26.0,0.0,94,28,0.9893617021276596,1,12.166666666666666,13.983050847457626,14.25,10.0,6
12920,2026-08-16,CRWL,MCTM,2,10.0,8.0,2.0,3,19,0.00851063829787234,233,7.5,39.95774647887324,8.85,-1.0,6
12920,2026-08-16,MCTM,RMJK,3,10.0,10.0,0.0,4,16,0.01276595744680851,232,0.6666666666666666,39.95774647887324,9.166666666666666,6.0,6
12002,2026-08-17,BPL,RKMP,93,36.0,36.0,0.0,94,28,0.9893617021276596,1,13.0,13.753623188405797,14.25,23.0,0
12920,2026-08-17,CRWL,MCTM,2,5.0,6.0,-1.0,3,19,0.00851063829787234,233,7.571428571428571,36.5722891566265,8.85,1.0,0
12920,2026-08-17,MCTM,RMJK,3,10.0,5.0,5.0,4,16,0.01276595744680851,232,0.42857142857142855,36.5722891566265,9.166666666666666,6.0,0
12002,2026-08-18,BPL,RKMP,93,31.0,31.0,0.0,94,28,0.9893617021276596,1,15.375,14.278481012658228,14.25,16.0,1
12920,2026-08-18,CRWL,MCTM,2,17.0,12.0,5.0,3,19,0.00851063829787234,233,7.5,33.98684210526316,8.85,5.0,1
12920,2026-08-18,MCTM,RMJK,3,15.0,17.0,-2.0,4,16,0.01276595744680851,232,0.5,33.98684210526316,9.166666666666666,11.0,1
12002,2026-08-19,BPL,RKMP,93,23.0,23.0,0.0,94,28,0.9893617021276596,1,16.333333333333332,14.741573033707866,14.25,7.0,2
12920,2026-08-19,CRWL,MCTM,2,11.0,8.0,3.0,3,19,0.00851063829787234,233,8.11111111111111,32.28103044496487,8.85,0.0,2
12920,2026-08-19,MCTM,RMJK,3,11.0,11.0,0.0,4,16,0.01276595744680851,232,1.0,32.28103044496487,9.166666666666666,4.0,2
12919,2026-08-20,INDB,DWX,7,10.0,10.0,0.0,13,46,0.029914529914529916,227,6.0,151.25,12.25,7.0,3
12919,2026-08-20,DWX,UJN,13,11.0,10.0,1.0,19,54,0.05555555555555555,221,0.0,151.25,12.883333333333333,-8.0,3
12919,2026-08-20,MKC,BCH,24,11.0,11.0,0.0,26,16,0.10256410256410256,210,9.0,151.25,14.6,9.0,3
12919,2026-08-20,BCH,AKD,26,11.0,11.0,0.0,30,28,0.1111111111111111,208,15.0,151.25,14.883333333333333,4.0,3
12919,2026-08-20,AKD,SJP,30,8.0,11.0,-3.0,32,13,0.1282051282051282,204,8.0,151.25,15.333333333333334,5.0,3
12919,2026-08-20,SJP,KPP,32,8.0,8.0,0.0,34,15,0.13675213675213677,202,9.0,151.25,15.566666666666666,3.0,3
12919,2026-08-20,KPP,SEH,34,8.0,8.0,0.0,38,23,0.1452991452991453,200,7.0,151.25,15.8,5.0,3
12919,2026-08-20,SEH,SHRN,38,12.0,8.0,4.0,42,43,0.1623931623931624,196,10.0,151.25,16.183333333333334,2.0,3
12919,2026-08-20,SHRN,BPL,42,10.0,12.0,-2.0,43,27,0.1794871794871795,192,1.0,151.25,16.916666666666668,15.0,3
12919,2026-08-20,NSZ,BHS,44,35.0,35.0,0.0,50,23,0.18803418803418803,190,53.0,151.25,17.733333333333334,52.0,3
12919,2026-08-20,BHS,BAQ,50,58.0,35.0,23.0,55,26,0.21367521367521367,184,91.0,151.25,18.116666666666667,62.0,3
12919,2026-08-20,BAQ,BINA,55,66.0,58.0,8.0,61,59,0.23504273504273504,179,119.0,151.25,18.55,42.0,3
12919,2026-08-20,BINA,LAR,61,48.0,66.0,-18.0,68,44,0.2606837606837607,173,118.0,151.25,19.583333333333332,49.0,3
12919,2026-08-20,LAR,BAB,68,54.0,48.0,6.0,77,40,0.2905982905982906,166,154.0,151.25,20.266666666666666,49.0,3
12919,2026-08-20,BAB,VGLJ,77,53.0,54.0,-1.0,80,36,0.32905982905982906,157,160.0,151.25,20.933333333333334,39.0,3
12919,2026-08-20,VGLJ,DAA,80,46.0,53.0,-7.0,82,29,0.3418803418803419,154,165.0,151.25,21.633333333333333,40.0,3
12919,2026-08-20,DAA,DBA,82,46.0,46.0,0.0,85,23,0.3504273504273504,152,165.0,151.25,22.016666666666666,46.0,3
12919,2026-08-20,DBA,GWL,85,50.0,46.0,4.0,91,32,0.36324786324786323,149,175.0,151.25,22.4,51.0,3
12919,2026-08-20,GWL,MRA,91,58.0,50.0,8.0,97,31,0.3888888888888889,143,195.0,151.25,22.933333333333334,58.0,3
12919,2026-08-20,MRA,DHO,97,62.0,58.0,4.0,101,43,0.41452991452991456,137,192.0,151.25,23.45,42.0,3
12919,2026-08-20,DHO,AGC,101,41.0,62.0,-21.0,105,32,0.43162393162393164,133,179.0,151.25,0.16666666666666666,51.0,3
12919,2026-08-20,AGC,MTJ,105,58.0,41.0,17.0,113,43,0.44871794871794873,129,187.0,151.25,0.75,53.0,3
12919,2026-08-20,MTJ,KSV,113,58.0,58.0,0.0,118,29,0.4829059829059829,121,191.0,151.25,1.4166666666666667,62.0,3
12919,2026-08-20,KSV,PWL,118,67.0,58.0,9.0,123,66,0.5042735042735043,116,199.0,151.25,1.9,26.0,3
12919,2026-08-20,PWL,BVH,123,30.0,67.0,-37.0,125,18,0.5256410256410257,111,162.0,151.25,3.0,29.0,3
12919,2026-08-20,BVH,FDB,125,35.0,30.0,5.0,127,11,0.5341880341880342,109,164.0,151.25,3.3,32.0,3
12919,2026-08-20,FDB,NZM,127,36.0,35.0,1.0,131,21,0.5427350427350427,107,172.0,151.25,3.4833333333333334,42.0,3
12919,2026-08-20,NZM,NDLS,131,48.0,36.0,12.0,135,27,0.5598290598290598,103,189.0,151.25,3.8333333333333335,35.0,3
12919,2026-08-20,NDLS,SNP,135,53.0,48.0,5.0,146,55,0.5769230769230769,99,188.0,151.25,4.5,49.0,3
12919,2026-08-20,SNP,PNP,146,52.0,53.0,-1.0,152,30,0.6239316239316239,88,204.0,151.25,5.2,112.0,3
12919,2026-08-20,PNP,KUN,152,115.0,52.0,63.0,157,24,0.6495726495726496,82,247.0,151.25,5.7,115.0,3
12919,2026-08-20,KUN,KKDE,157,118.0,115.0,3.0,162,26,0.6709401709401709,77,252.0,151.25,6.1,117.0,3
12919,2026-08-20,KKDE,UMB,162,132.0,118.0,14.0,168,60,0.6923076923076923,72,251.0,151.25,6.533333333333333,146.0,3
12919,2026-08-20,UMB,SIR,168,154.0,132.0,22.0,174,38,0.717948717948718,66,226.0,151.25,7.583333333333333,160.0,3
12919,2026-08-20,SIR,KNN,174,164.0,154.0,10.0,176,17,0.7435897435897436,60,248.0,151.25,8.166666666666666,160.0,3
12919,2026-08-20,KNN,LDH,176,163.0,164.0,-1.0,183,75,0.7521367521367521,58,247.0,151.25,8.45,122.0,3
12919,2026-08-20,LDH,JRC,183,133.0,163.0,-30.0,190,53,0.782051282051282,51,207.0,151.25,9.833333333333334,134.0,3
12919,2026-08-20,JRC,DZA,190,140.0,133.0,7.0,203,68,0.811965811965812,44,221.0,151.25,10.6,115.0,3
12919,2026-08-20,DZA,MEX,203,118.0,140.0,-22.0,206,17,0.8675213675213675,31,212.0,151.25,11.716666666666667,115.0,3
12919,2026-08-20,MEX,PTKC,206,120.0,118.0,2.0,213,29,0.8803418803418803,28,212.0,151.25,12.0,124.0,3
12919,2026-08-20,PTKC,MSKT,213,128.0,120.0,8.0,217,41,0.9102564102564102,21,218.0,151.25,12.5,117.0,3
12919,2026-08-20,MSKT,JAT,217,121.0,128.0,-7.0,227,82,0.9273504273504274,17,221.0,151.25,13.166666666666666,100.0,3
12919,2026-08-20,JAT,RMJK,227,112.0,121.0,-9.0,231,49,0.9700854700854701,7,252.0,151.25,14.583333333333334,124.0,3
12919,2026-08-20,CRWL,SVDK,233,144.0,144.0,0.0,234,32,0.9957264957264957,1,251.0,151.25,16.0,130.0,3
12920,2026-08-20,CRWL,MCTM,2,10.0,8.0,2.0,3,19,0.00851063829787234,233,7.9,29.576842105263157,8.85,0.0,3
12920,2026-08-20,MCTM,RMJK,3,8.0,10.0,-2.0,4,16,0.01276595744680851,232,0.9,29.576842105263157,9.166666666666666,10.0,3
12920,2026-08-20,RMJK,JAT,4,10.0,8.0,2.0,8,56,0.01702127659574468,231,6.8,29.576842105263157,9.433333333333334,4.0,3
12920,2026-08-20,JAT,MSKT,8,6.0,10.0,-4.0,18,75,0.03404255319148936,227,11.2,29.576842105263157,10.5,1.0,3
12920,2026-08-20,MSKT,PTKC,18,6.0,6.0,0.0,22,40,0.07659574468085106,217,8.6,29.576842105263157,11.616666666666667,1.0,3
12920,2026-08-20,PTKC,MEX,22,4.0,6.0,-2.0,29,36,0.09361702127659574,213,5.3,29.576842105263157,12.3,3.0,3
12920,2026-08-20,MEX,DZA,29,6.0,4.0,2.0,32,17,0.12340425531914893,206,9.5,29.576842105263157,12.883333333333333,1.0,3
12920,2026-08-20,DZA,JRC,32,8.0,6.0,2.0,45,67,0.13617021276595745,203,11.6,29.576842105263157,13.166666666666666,0.0,3
12920,2026-08-20,JRC,LDH,45,8.0,8.0,0.0,52,50,0.19148936170212766,190,2.5,29.576842105263157,14.3,5.0,3
12920,2026-08-20,LDH,KNN,52,7.0,8.0,-1.0,59,53,0.22127659574468084,183,-0.7,29.576842105263157,15.25,0.0,3
12920,2026-08-20,KNN,SIR,59,1.0,7.0,-6.0,61,16,0.251063829787234,176,-5.5,29.576842105263157,16.0,0.0,3
12920,2026-08-20,SIR,UMB,61,3.0,1.0,2.0,67,46,0.25957446808510637,174,0.1,29.576842105263157,16.266666666666666,0.0,3
12920,2026-08-20,UMB,KKDE,67,1.0,3.0,-2.0,73,35,0.2851063829787234,168,0.5,29.576842105263157,17.083333333333332,3.0,3
12920,2026-08-20,KKDE,KUN,73,8.0,1.0,7.0,78,25,0.31063829787234043,162,12.666666666666666,29.576842105263157,17.616666666666667,1.0,3
12920,2026-08-20,KUN,PNP,78,7.0,8.0,-1.0,83,24,0.33191489361702126,157,14.1,29.576842105263157,18.033333333333335,5.0,3
12920,2026-08-20,PNP,SNP,83,12.0,7.0,5.0,90,30,0.35319148936170214,152,23.9,29.576842105263157,18.433333333333334,11.0,3
12920,2026-08-20,SNP,SZM,90,18.0,12.0,6.0,99,42,0.3829787234042553,145,27.7,29.576842105263157,18.933333333333334,3.0,3
12920,2026-08-20,FDB,BVH,109,16.0,16.0,0.0,111,11,0.46382978723404256,126,13.7,29.576842105263157,21.05,15.0,3
12920,2026-08-20,BVH,PWL,111,14.0,16.0,-2.0,113,28,0.4723404255319149,124,13.4,29.576842105263157,21.233333333333334,1.0,3
12920,2026-08-20,PWL,KSV,113,6.0,14.0,-8.0,118,28,0.4808510638297872,122,7.5,29.576842105263157,21.7,0.0,3
12920,2026-08-20,KSV,MTJ,118,5.0,6.0,-1.0,123,30,0.502127659574468,117,11.3,29.576842105263157,22.166666666666668,3.0,3
12920,2026-08-20,MTJ,AGC,123,7.0,5.0,2.0,131,37,0.5234042553191489,112,20.3,29.576842105263157,22.666666666666668,19.0,3
12920,2026-08-20,AGC,DHO,131,28.0,7.0,21.0,135,58,0.5574468085106383,104,30.7,29.576842105263157,23.333333333333332,9.0,3
12920,2026-08-20,DHO,MRA,135,13.0,28.0,-15.0,139,37,0.574468085106383,100,21.8,29.576842105263157,0.25,1.0,3
12920,2026-08-20,MRA,GWL,139,7.0,13.0,-6.0,145,30,0.5914893617021276,96,14.8,29.576842105263157,0.8666666666666667,14.0,3
12920,2026-08-20,GWL,DBA,145,17.0,7.0,10.0,151,42,0.6170212765957447,90,24.6,29.576842105263157,1.3666666666666667,9.0,3
12920,2026-08-20,DBA,DAA,151,10.0,17.0,-7.0,154,26,0.6425531914893617,84,21.7,29.576842105263157,2.066666666666667,8.0,3
12920,2026-08-20,DAA,VGLJ,154,12.0,10.0,2.0,156,37,0.6553191489361702,81,27.5,29.576842105263157,2.5,9.0,3
12920,2026-08-20,VGLJ,BAB,156,12.0,12.0,0.0,159,32,0.6638297872340425,79,22.0,29.576842105263157,3.216666666666667,21.0,3
12920,2026-08-20,BAB,LAR,159,27.0,12.0,15.0,168,44,0.676595744680851,76,26.4,29.576842105263157,3.65,28.0,3
12920,2026-08-20,LAR,BINA,168,30.0,27.0,3.0,175,69,0.7148936170212766,67,42.1,29.576842105263157,4.383333333333334,2.0,3
12920,2026-08-20,BINA,BAQ,175,7.0,30.0,-23.0,181,36,0.7446808510638298,60,28.6,29.576842105263157,5.583333333333333,3.0,3
12920,2026-08-20,BAQ,BHS,181,9.0,7.0,2.0,186,27,0.7702127659574468,54,36.7,29.576842105263157,6.133333333333334,10.0,3
12920,2026-08-20,BHS,NSZ,186,13.0,9.0,4.0,192,57,0.7914893617021277,49,47.3,29.576842105263157,6.583333333333333,0.0,3
12920,2026-08-20,SEH,KPP,198,44.0,44.0,0.0,202,27,0.8425531914893617,37,82.7,29.576842105263157,8.65,39.0,3
12920,2026-08-20,KPP,SJP,202,40.0,44.0,-4.0,204,13,0.8595744680851064,33,85.2,29.576842105263157,9.1,37.0,3
12920,2026-08-20,SJP,AKD,204,43.0,40.0,3.0,206,15,0.8680851063829788,31,86.3,29.576842105263157,9.333333333333334,40.0,3
12920,2026-08-20,AKD,BCH,206,41.0,43.0,-2.0,210,27,0.8765957446808511,29,84.7,29.576842105263157,9.566666666666666,38.0,3
12920,2026-08-20,BCH,MKC,210,43.0,41.0,2.0,212,29,0.8936170212765957,25,83.5,29.576842105263157,10.033333333333333,28.0,3
12920,2026-08-20,MKC,UJN,212,39.0,43.0,-4.0,217,51,0.902127659574468,23,74.7,29.576842105263157,10.5,41.0,3
12920,2026-08-20,DWX,INDB,223,24.0,24.0,0.0,229,65,0.948936170212766,12,74.8,29.576842105263157,12.533333333333333,3.0,3
12920,2026-08-20,INDB,DADN,229,15.0,24.0,-9.0,235,50,0.9744680851063829,6,53.1,29.576842105263157,13.75,4.0,3
12951,2026-08-20,BVI,ST,18,15.0,15.0,0.0,59,143,0.08411214953271028,196,12.9,9.044117647058824,17.366666666666667,7.0,3
12951,2026-08-20,ST,BRC,59,11.0,15.0,-4.0,83,83,0.2757009345794392,155,10.1,9.044117647058824,19.8,12.0,3
12951,2026-08-20,BRC,RTM,83,14.0,11.0,3.0,119,199,0.3878504672897196,131,15.1,9.044117647058824,21.266666666666666,7.0,3
12951,2026-08-20,RTM,NAD,119,11.0,14.0,-3.0,124,43,0.5560747663551402,95,6.4,9.044117647058824,0.4666666666666667,2.0,3
12951,2026-08-20,NAD,KOTA,124,8.0,11.0,-3.0,151,127,0.5794392523364486,90,4.9,9.044117647058824,1.1666666666666667,6.0,3
12952,2026-08-20,KOTA,NAD,64,24.0,24.0,0.0,91,147,0.29906542056074764,150,7.4,4.866666666666666,21.666666666666668,13.0,3
12952,2026-08-20,NAD,RTM,91,17.0,24.0,-7.0,96,33,0.4252336448598131,123,3.2,4.866666666666666,23.983333333333334,9.0,3
12952,2026-08-20,BRC,ST,132,2.0,2.0,0.0,156,93,0.616822429906542,82,-6.2,4.866666666666666,3.8333333333333335,2.0,3
12952,2026-08-20,ST,BVI,156,7.0,2.0,5.0,197,145,0.7289719626168224,58,4.0,4.866666666666666,5.3,22.0,3
12919,2026-08-21,INDB,DWX,7,10.0,6.0,4.0,13,46,0.029914529914529916,227,5.0,107.08333333333333,12.25,6.0,4
12919,2026-08-21,DWX,UJN,13,10.0,10.0,0.0,19,54,0.05555555555555555,221,3.5,107.08333333333333,12.883333333333333,25.0,4
12919,2026-08-21,MKC,BCH,24,15.0,15.0,0.0,26,16,0.10256410256410256,210,8.0,107.08333333333333,14.6,13.0,4
12919,2026-08-21,BCH,AKD,26,17.0,15.0,2.0,30,28,0.1111111111111111,208,12.0,107.08333333333333,14.883333333333333,8.0,4
12919,2026-08-21,AKD,SJP,30,13.0,17.0,-4.0,32,13,0.1282051282051282,204,6.0,107.08333333333333,15.333333333333334,10.0,4
12919,2026-08-21,SJP,KPP,32,13.0,13.0,0.0,34,15,0.13675213675213677,202,7.0,107.08333333333333,15.566666666666666,7.0,4
12919,2026-08-21,KPP,SEH,34,11.0,13.0,-2.0,38,23,0.1452991452991453,200,5.0,107.08333333333333,15.8,11.0,4
12919,2026-08-21,SEH,SHRN,38,14.0,11.0,3.0,42,43,0.1623931623931624,196,7.5,107.08333333333333,16.183333333333334,-3.0,4
12919,2026-08-21,SHRN,BPL,42,3.0,14.0,-11.0,43,27,0.1794871794871795,192,1.5,107.08333333333333,16.916666666666668,12.0,4
12919,2026-08-21,NSZ,BHS,44,31.0,31.0,0.0,50,23,0.18803418803418803,190,41.0,107.08333333333333,17.733333333333334,53.0,4
12919,2026-08-21,BHS,BAQ,50,57.0,31.0,26.0,55,26,0.21367521367521367,184,71.5,107.08333333333333,18.116666666666667,56.0,4
12919,2026-08-21,BAQ,BINA,55,60.0,57.0,3.0,61,59,0.23504273504273504,179,90.5,107.08333333333333,18.55,38.0,4
12919,2026-08-21,BINA,LAR,61,44.0,60.0,-16.0,68,44,0.2606837606837607,173,80.0,107.08333333333333,19.583333333333332,47.0,4
12919,2026-08-21,LAR,BAB,68,53.0,44.0,9.0,77,40,0.2905982905982906,166,101.5,107.08333333333333,20.266666666666666,50.0,4
12919,2026-08-21,BAB,VGLJ,77,54.0,53.0,1.0,80,36,0.32905982905982906,157,104.5,107.08333333333333,20.933333333333334,40.0,4
12919,2026-08-21,VGLJ,DAA,80,46.0,54.0,-8.0,82,29,0.3418803418803419,154,102.0,107.08333333333333,21.633333333333333,39.0,4
12919,2026-08-21,DAA,DBA,82,45.0,46.0,-1.0,85,23,0.3504273504273504,152,102.5,107.08333333333333,22.016666666666666,43.0,4
12919,2026-08-21,DBA,GWL,85,48.0,45.0,3.0,91,32,0.36324786324786323,149,110.5,107.08333333333333,22.4,51.0,4
12919,2026-08-21,GWL,MRA,91,60.0,48.0,12.0,97,31,0.3888888888888889,143,123.0,107.08333333333333,22.933333333333334,53.0,4
12919,2026-08-21,MRA,DHO,97,55.0,60.0,-5.0,101,43,0.41452991452991456,137,125.0,107.08333333333333,23.45,35.0,4
12919,2026-08-21,DHO,AGC,101,39.0,55.0,-16.0,105,32,0.43162393162393164,133,110.5,107.08333333333333,0.16666666666666666,43.0,4
12919,2026-08-21,AGC,MTJ,105,50.0,39.0,11.0,113,43,0.44871794871794873,129,119.0,107.08333333333333,0.75,45.0,4
12919,2026-08-21,MTJ,KSV,113,50.0,50.0,0.0,118,29,0.4829059829059829,121,122.0,107.08333333333333,1.4166666666666667,54.0,4
12919,2026-08-21,KSV,PWL,118,60.0,50.0,10.0,123,66,0.5042735042735043,116,130.5,107.08333333333333,1.9,18.0,4
12919,2026-08-21,PWL,BVH,123,22.0,60.0,-38.0,125,18,0.5256410256410257,111,94.0,107.08333333333333,3.0,25.0,4
12919,2026-08-21,BVH,FDB,125,32.0,22.0,10.0,127,11,0.5341880341880342,109,96.5,107.08333333333333,3.3,30.0,4
12919,2026-08-21,FDB,NZM,127,33.0,32.0,1.0,131,21,0.5427350427350427,107,102.0,107.08333333333333,3.4833333333333334,37.0,4
12919,2026-08-21,NZM,NDLS,131,43.0,33.0,10.0,135,27,0.5598290598290598,103,115.5,107.08333333333333,3.8333333333333335,31.0,4
12919,2026-08-21,NDLS,SNP,135,43.0,43.0,0.0,146,55,0.5769230769230769,99,111.5,107.08333333333333,4.5,42.0,4
12919,2026-08-21,SNP,PNP,146,46.0,43.0,3.0,152,30,0.6239316239316239,88,126.5,107.08333333333333,5.2,51.0,4
12919,2026-08-21,PNP,KUN,152,54.0,46.0,8.0,157,24,0.6495726495726496,82,179.5,107.08333333333333,5.7,52.0,4
12919,2026-08-21,KUN,KKDE,157,54.0,54.0,0.0,162,26,0.6709401709401709,77,183.5,107.08333333333333,6.1,48.0,4
12919,2026-08-21,KKDE,UMB,162,81.0,54.0,27.0,168,60,0.6923076923076923,72,184.0,107.08333333333333,6.533333333333333,93.0,4
12919,2026-08-21,UMB,SIR,168,107.0,81.0,26.0,174,38,0.717948717948718,66,186.0,107.08333333333333,7.583333333333333,107.0,4
12919,2026-08-21,SIR,KNN,174,111.0,107.0,4.0,176,17,0.7435897435897436,60,204.0,107.08333333333333,8.166666666666666,106.0,4
12919,2026-08-21,KNN,LDH,176,110.0,111.0,-1.0,183,75,0.7521367521367521,58,203.5,107.08333333333333,8.45,63.0,4
12919,2026-08-21,LDH,JRC,183,87.0,110.0,-23.0,190,53,0.782051282051282,51,164.5,107.08333333333333,9.833333333333334,83.0,4
12919,2026-08-21,JRC,DZA,190,89.0,87.0,2.0,203,68,0.811965811965812,44,177.5,107.08333333333333,10.6,62.0,4
12919,2026-08-21,DZA,MEX,203,66.0,89.0,-23.0,206,17,0.8675213675213675,31,163.5,107.08333333333333,11.716666666666667,63.0,4
12919,2026-08-21,MEX,PTKC,206,68.0,66.0,2.0,213,29,0.8803418803418803,28,163.5,107.08333333333333,12.0,73.0,4
12919,2026-08-21,PTKC,MSKT,213,75.0,68.0,7.0,217,41,0.9102564102564102,21,171.0,107.08333333333333,12.5,70.0,4
12919,2026-08-21,MSKT,JAT,217,75.0,75.0,0.0,227,82,0.9273504273504274,17,169.0,107.08333333333333,13.166666666666666,62.0,4
12919,2026-08-21,JAT,RMJK,227,69.0,75.0,-6.0,231,49,0.9700854700854701,7,176.0,107.08333333333333,14.583333333333334,90.0,4
12919,2026-08-21,CRWL,SVDK,233,117.0,117.0,0.0,234,32,0.9957264957264957,1,194.5,107.08333333333333,16.0,102.0,4
12920,2026-08-21,CRWL,MCTM,2,10.0,6.0,4.0,3,19,0.00851063829787234,233,7.7272727272727275,27.848948374760994,8.85,0.0,4
12920,2026-08-21,MCTM,RMJK,3,10.0,10.0,0.0,4,16,0.01276595744680851,232,0.8181818181818182,27.848948374760994,9.166666666666666,5.0,4
12920,2026-08-21,RMJK,JAT,4,8.0,10.0,-2.0,8,56,0.01702127659574468,231,7.090909090909091,27.848948374760994,9.433333333333334,1.0,4
12920,2026-08-21,JAT,MSKT,8,4.0,8.0,-4.0,18,75,0.03404255319148936,227,10.545454545454545,27.848948374760994,10.5,-4.0,4
12920,2026-08-21,MSKT,PTKC,18,4.0,4.0,0.0,22,40,0.07659574468085106,217,7.909090909090909,27.848948374760994,11.616666666666667,-3.0,4
12920,2026-08-21,PTKC,MEX,22,4.0,4.0,0.0,29,36,0.09361702127659574,213,4.909090909090909,27.848948374760994,12.3,3.0,4
12920,2026-08-21,MEX,DZA,29,8.0,4.0,4.0,32,17,0.12340425531914893,206,8.909090909090908,27.848948374760994,12.883333333333333,4.0,4
12920,2026-08-21,DZA,JRC,32,8.0,8.0,0.0,45,67,0.13617021276595745,203,10.636363636363637,27.848948374760994,13.166666666666666,1.0,4
12920,2026-08-21,JRC,LDH,45,9.0,8.0,1.0,52,50,0.19148936170212766,190,2.272727272727273,27.848948374760994,14.3,-2.0,4
12920,2026-08-21,LDH,KNN,52,6.0,9.0,-3.0,59,53,0.22127659574468084,183,-0.18181818181818182,27.848948374760994,15.25,-11.0,4
12920,2026-08-21,KNN,SIR,59,3.0,6.0,-3.0,61,16,0.251063829787234,176,-5.0,27.848948374760994,16.0,1.0,4
12920,2026-08-21,SIR,UMB,61,4.0,3.0,1.0,67,46,0.25957446808510637,174,0.09090909090909091,27.848948374760994,16.266666666666666,-2.0,4
12920,2026-08-21,UMB,KKDE,67,4.0,4.0,0.0,73,35,0.2851063829787234,168,0.45454545454545453,27.848948374760994,17.083333333333332,6.0,4
12920,2026-08-21,KKDE,KUN,73,10.0,4.0,6.0,78,25,0.31063829787234043,162,11.7,27.848948374760994,17.616666666666667,7.0,4
12920,2026-08-21,KUN,PNP,78,11.0,10.0,1.0,83,24,0.33191489361702126,157,12.909090909090908,27.848948374760994,18.033333333333335,14.0,4
12920,2026-08-21,PNP,SNP,83,19.0,11.0,8.0,90,30,0.35319148936170214,152,22.181818181818183,27.848948374760994,18.433333333333334,17.0,4
12920,2026-08-21,SNP,SZM,90,21.0,19.0,2.0,99,42,0.3829787234042553,145,26.181818181818183,27.848948374760994,18.933333333333334,11.0,4
12920,2026-08-21,FDB,BVH,109,16.0,16.0,0.0,111,11,0.46382978723404256,126,13.545454545454545,27.848948374760994,21.05,11.0,4
12920,2026-08-21,BVH,PWL,111,15.0,16.0,-1.0,113,28,0.4723404255319149,124,13.545454545454545,27.848948374760994,21.233333333333334,0.0,4
12920,2026-08-21,PWL,KSV,113,5.0,15.0,-10.0,118,28,0.4808510638297872,122,6.909090909090909,27.848948374760994,21.7,1.0,4
12920,2026-08-21,KSV,MTJ,118,3.0,5.0,-2.0,123,30,0.502127659574468,117,10.272727272727273,27.848948374760994,22.166666666666668,6.0,4
12920,2026-08-21,MTJ,AGC,123,15.0,3.0,12.0,131,37,0.5234042553191489,112,18.727272727272727,27.848948374760994,22.666666666666668,24.0,4
12920,2026-08-21,AGC,DHO,131,31.0,15.0,16.0,135,58,0.5574468085106383,104,29.636363636363637,27.848948374760994,23.333333333333332,17.0,4
12920,2026-08-21,DHO,MRA,135,19.0,31.0,-12.0,139,37,0.574468085106383,100,20.636363636363637,27.848948374760994,0.25,5.0,4
12920,2026-08-21,MRA,GWL,139,14.0,19.0,-5.0,145,30,0.5914893617021276,96,13.545454545454545,27.848948374760994,0.8666666666666667,14.0,4
12920,2026-08-21,GWL,DBA,145,19.0,14.0,5.0,151,42,0.6170212765957447,90,23.636363636363637,27.848948374760994,1.3666666666666667,10.0,4
12920,2026-08-21,DBA,DAA,151,15.0,19.0,-4.0,154,26,0.6425531914893617,84,20.545454545454547,27.848948374760994,2.066666666666667,26.0,4
12920,2026-08-21,DAA,VGLJ,154,30.0,15.0,15.0,156,37,0.6553191489361702,81,25.727272727272727,27.848948374760994,2.5,14.0,4
12920,2026-08-21,VGLJ,BAB,156,22.0,30.0,-8.0,159,32,0.6638297872340425,79,20.818181818181817,27.848948374760994,3.216666666666667,16.0,4
12920,2026-08-21,BAB,LAR,159,22.0,22.0,0.0,168,44,0.676595744680851,76,25.90909090909091,27.848948374760994,3.65,20.0,4
12920,2026-08-21,LAR,BINA,168,24.0,22.0,2.0,175,69,0.7148936170212766,67,40.81818181818182,27.848948374760994,4.383333333333334,12.0,4
12920,2026-08-21,BINA,BAQ,175,19.0,24.0,-5.0,181,36,0.7446808510638298,60,26.181818181818183,27.848948374760994,5.583333333333333,13.0,4
12920,2026-08-21,BAQ,BHS,181,16.0,19.0,-3.0,186,27,0.7702127659574468,54,33.63636363636363,27.848948374760994,6.133333333333334,19.0,4
12920,2026-08-21,BHS,NSZ,186,23.0,16.0,7.0,192,57,0.7914893617021277,49,43.90909090909091,27.848948374760994,6.583333333333333,31.0,4
12920,2026-08-21,SEH,KPP,198,58.0,58.0,0.0,202,27,0.8425531914893617,37,78.81818181818181,27.848948374760994,8.65,50.0,4
12920,2026-08-21,KPP,SJP,202,53.0,58.0,-5.0,204,13,0.8595744680851064,33,81.0,27.848948374760994,9.1,51.0,4
12920,2026-08-21,SJP,AKD,204,54.0,53.0,1.0,206,15,0.8680851063829788,31,81.81818181818181,27.848948374760994,9.333333333333334,53.0,4
12920,2026-08-21,AKD,BCH,206,53.0,54.0,-1.0,210,27,0.8765957446808511,29,80.63636363636364,27.848948374760994,9.566666666666666,56.0,4
12920,2026-08-21,BCH,MKC,210,62.0,53.0,9.0,212,29,0.8936170212765957,25,79.36363636363636,27.848948374760994,10.033333333333333,51.0,4
12920,2026-08-21,MKC,UJN,212,59.0,62.0,-3.0,217,51,0.902127659574468,23,70.45454545454545,27.848948374760994,10.5,60.0,4
12920,2026-08-21,DWX,INDB,223,69.0,69.0,0.0,229,65,0.948936170212766,12,70.18181818181819,27.848948374760994,12.533333333333333,47.0,4
12920,2026-08-21,INDB,DADN,229,62.0,69.0,-7.0,235,50,0.9744680851063829,6,48.54545454545455,27.848948374760994,13.75,38.0,4
12951,2026-08-21,BVI,ST,18,14.0,14.0,0.0,59,143,0.08411214953271028,196,12.818181818181818,8.506666666666666,17.366666666666667,6.0,4
12951,2026-08-21,ST,BRC,59,10.0,14.0,-4.0,83,83,0.2757009345794392,155,9.818181818181818,8.506666666666666,19.8,9.0,4
12951,2026-08-21,BRC,RTM,83,12.0,10.0,2.0,119,199,0.3878504672897196,131,14.818181818181818,8.506666666666666,21.266666666666666,0.0,4
12951,2026-08-21,RTM,NAD,119,7.0,12.0,-5.0,124,43,0.5560747663551402,95,6.454545454545454,8.506666666666666,0.4666666666666667,-3.0,4
12951,2026-08-21,NAD,KOTA,124,4.0,7.0,-3.0,151,127,0.5794392523364486,90,4.636363636363637,8.506666666666666,1.1666666666666667,10.0,4
12952,2026-08-21,KOTA,NAD,64,12.0,12.0,0.0,91,147,0.29906542056074764,150,8.454545454545455,5.333333333333333,21.666666666666668,4.0,4
12952,2026-08-21,NAD,RTM,91,7.0,12.0,-5.0,96,33,0.4252336448598131,123,4.090909090909091,5.333333333333333,23.983333333333334,7.0,4
12952,2026-08-21,BRC,ST,132,2.0,2.0,0.0,156,93,0.616822429906542,82,-6.090909090909091,5.333333333333333,3.8333333333333335,4.0,4
12952,2026-08-21,ST,BVI,156,2.0,2.0,0.0,197,145,0.7289719626168224,58,3.8181818181818183,5.333333333333333,5.3,21.0,4
12919,2026-08-22,INDB,DWX,7,19.0,5.0,14.0,13,46,0.029914529914529916,227,4.666666666666667,86.625,12.25,15.0,5
12919,2026-08-22,DWX,UJN,13,17.0,19.0,-2.0,19,54,0.05555555555555555,221,4.333333333333333,86.625,12.883333333333333,0.0,5
12919,2026-08-22,MKC,BCH,24,27.0,27.0,0.0,26,16,0.10256410256410256,210,9.333333333333334,86.625,14.6,25.0,5
12919,2026-08-22,BCH,AKD,26,27.0,27.0,0.0,30,28,0.1111111111111111,208,12.333333333333334,86.625,14.883333333333333,19.0,5
12919,2026-08-22,AKD,SJP,30,23.0,27.0,-4.0,32,13,0.1282051282051282,204,6.666666666666667,86.625,15.333333333333334,20.0,5
12919,2026-08-22,SJP,KPP,32,24.0,23.0,1.0,34,15,0.13675213675213677,202,8.0,86.625,15.566666666666666,18.0,5
12919,2026-08-22,KPP,SEH,34,23.0,24.0,-1.0,38,23,0.1452991452991453,200,5.666666666666667,86.625,15.8,21.0,5
12919,2026-08-22,SEH,SHRN,38,27.0,23.0,4.0,42,43,0.1623931623931624,196,8.666666666666666,86.625,16.183333333333334,7.0,5
12919,2026-08-22,SHRN,BPL,42,11.0,27.0,-16.0,43,27,0.1794871794871795,192,0.0,86.625,16.916666666666668,71.0,5
12919,2026-08-22,NSZ,BHS,44,145.0,145.0,0.0,50,23,0.18803418803418803,190,34.666666666666664,86.625,17.733333333333334,169.0,5
12919,2026-08-22,BHS,BAQ,50,172.0,145.0,27.0,55,26,0.21367521367521367,184,65.33333333333333,86.625,18.116666666666667,175.0,5
12919,2026-08-22,BAQ,BINA,55,178.0,172.0,6.0,61,59,0.23504273504273504,179,79.0,86.625,18.55,171.0,5
12919,2026-08-22,BINA,LAR,61,176.0,178.0,-2.0,68,44,0.2606837606837607,173,66.0,86.625,19.583333333333332,197.0,5
12919,2026-08-22,LAR,BAB,68,200.0,176.0,24.0,77,40,0.2905982905982906,166,83.33333333333333,86.625,20.266666666666666,196.0,5
12919,2026-08-22,BAB,VGLJ,77,200.0,200.0,0.0,80,36,0.32905982905982906,157,86.33333333333333,86.625,20.933333333333334,189.0,5
12919,2026-08-22,VGLJ,DAA,80,194.0,200.0,-6.0,82,29,0.3418803418803419,154,81.33333333333333,86.625,21.633333333333333,190.0,5
12919,2026-08-22,DAA,DBA,82,204.0,194.0,10.0,85,23,0.3504273504273504,152,81.33333333333333,86.625,22.016666666666666,205.0,5
12919,2026-08-22,DBA,GWL,85,209.0,204.0,5.0,91,32,0.36324786324786323,149,88.0,86.625,22.4,231.0,5
12919,2026-08-22,GWL,MRA,91,235.0,209.0,26.0,97,31,0.3888888888888889,143,99.0,86.625,22.933333333333334,228.0,5
12919,2026-08-22,MRA,DHO,97,238.0,235.0,3.0,101,43,0.41452991452991456,137,101.0,86.625,23.45,221.0,5
12919,2026-08-22,DHO,AGC,101,226.0,238.0,-12.0,105,32,0.43162393162393164,133,85.33333333333333,86.625,0.16666666666666666,231.0,5
12919,2026-08-22,AGC,MTJ,105,238.0,226.0,12.0,113,43,0.44871794871794873,129,93.66666666666667,86.625,0.75,231.0,5
12919,2026-08-22,MTJ,KSV,113,235.0,238.0,-3.0,118,29,0.4829059829059829,121,96.33333333333333,86.625,1.4166666666666667,242.0,5
12919,2026-08-22,KSV,PWL,118,248.0,235.0,13.0,123,66,0.5042735042735043,116,105.0,86.625,1.9,207.0,5
12919,2026-08-22,PWL,BVH,123,210.0,248.0,-38.0,125,18,0.5256410256410257,111,68.66666666666667,86.625,3.0,208.0,5
12919,2026-08-22,BVH,FDB,125,215.0,210.0,5.0,127,11,0.5341880341880342,109,72.66666666666667,86.625,3.3,217.0,5
12919,2026-08-22,FDB,NZM,127,220.0,215.0,5.0,131,21,0.5427350427350427,107,78.0,86.625,3.4833333333333334,218.0,5
12919,2026-08-22,NZM,NDLS,131,225.0,220.0,5.0,135,27,0.5598290598290598,103,89.33333333333333,86.625,3.8333333333333335,211.0,5
12919,2026-08-22,NDLS,SNP,135,216.0,225.0,-9.0,146,55,0.5769230769230769,99,84.66666666666667,86.625,4.5,231.0,5
12919,2026-08-22,SNP,PNP,146,235.0,216.0,19.0,152,30,0.6239316239316239,88,98.33333333333333,86.625,5.2,267.0,5
12919,2026-08-22,PNP,KUN,152,271.0,235.0,36.0,157,24,0.6495726495726496,82,136.66666666666666,86.625,5.7,268.0,5
12919,2026-08-22,KUN,KKDE,157,269.0,271.0,-2.0,162,26,0.6709401709401709,77,139.66666666666666,86.625,6.1,263.0,5
12919,2026-08-22,KKDE,UMB,162,267.0,269.0,-2.0,168,60,0.6923076923076923,72,138.66666666666666,86.625,6.533333333333333,265.0,5
12919,2026-08-22,UMB,SIR,168,268.0,267.0,1.0,174,38,0.717948717948718,66,155.0,86.625,7.583333333333333,273.0,5
12919,2026-08-22,SIR,KNN,174,277.0,268.0,9.0,176,17,0.7435897435897436,60,171.66666666666666,86.625,8.166666666666666,273.0,5
12919,2026-08-22,KNN,LDH,176,273.0,277.0,-4.0,183,75,0.7521367521367521,58,171.0,86.625,8.45,234.0,5
12919,2026-08-22,LDH,JRC,183,238.0,273.0,-35.0,190,53,0.782051282051282,51,130.66666666666666,86.625,9.833333333333334,235.0,5
12919,2026-08-22,JRC,DZA,190,241.0,238.0,3.0,203,68,0.811965811965812,44,146.0,86.625,10.6,216.0,5
12919,2026-08-22,DZA,MEX,203,219.0,241.0,-22.0,206,17,0.8675213675213675,31,129.66666666666666,86.625,11.716666666666667,216.0,5
12919,2026-08-22,MEX,PTKC,206,221.0,219.0,2.0,213,29,0.8803418803418803,28,130.0,86.625,12.0,224.0,5
12919,2026-08-22,PTKC,MSKT,213,229.0,221.0,8.0,217,41,0.9102564102564102,21,138.33333333333334,86.625,12.5,217.0,5
12919,2026-08-22,MSKT,JAT,217,222.0,229.0,-7.0,227,82,0.9273504273504274,17,136.0,86.625,13.166666666666666,275.0,5
12919,2026-08-22,JAT,RMJK,227,289.0,222.0,67.0,231,49,0.9700854700854701,7,138.0,86.625,14.583333333333334,289.0,5
12919,2026-08-22,CRWL,SVDK,233,293.0,293.0,0.0,234,32,0.9957264957264957,1,167.0,86.625,16.0,301.0,5
12920,2026-08-22,CRWL,MCTM,2,19.0,14.0,5.0,3,19,0.00851063829787234,233,7.666666666666667,27.01926444833625,8.85,7.0,5
12920,2026-08-22,MCTM,RMJK,3,16.0,19.0,-3.0,4,16,0.01276595744680851,232,0.75,27.01926444833625,9.166666666666666,12.0,5
12920,2026-08-22,RMJK,JAT,4,15.0,16.0,-1.0,8,56,0.01702127659574468,231,6.916666666666667,27.01926444833625,9.433333333333334,8.0,5
12920,2026-08-22,JAT,MSKT,8,22.0,15.0,7.0,18,75,0.03404255319148936,227,9.75,27.01926444833625,10.5,10.0,5
12920,2026-08-22,MSKT,PTKC,18,17.0,22.0,-5.0,22,40,0.07659574468085106,217,6.916666666666667,27.01926444833625,11.616666666666667,8.0,5
12920,2026-08-22,PTKC,MEX,22,14.0,17.0,-3.0,29,36,0.09361702127659574,213,4.25,27.01926444833625,12.3,13.0,5
12920,2026-08-22,MEX,DZA,29,17.0,14.0,3.0,32,17,0.12340425531914893,206,8.416666666666666,27.01926444833625,12.883333333333333,14.0,5
12920,2026-08-22,DZA,JRC,32,19.0,17.0,2.0,45,67,0.13617021276595745,203,10.083333333333334,27.01926444833625,13.166666666666666,5.0,5
12920,2026-08-22,JRC,LDH,45,9.0,19.0,-10.0,52,50,0.19148936170212766,190,2.1666666666666665,27.01926444833625,14.3,-1.0,5
12920,2026-08-22,LDH,KNN,52,7.0,9.0,-2.0,59,53,0.22127659574468084,183,-0.3333333333333333,27.01926444833625,15.25,-9.0,5
12920,2026-08-22,KNN,SIR,59,3.0,7.0,-4.0,61,16,0.251063829787234,176,-5.5,27.01926444833625,16.0,1.0,5
12920,2026-08-22,SIR,UMB,61,6.0,3.0,3.0,67,46,0.25957446808510637,174,0.16666666666666666,27.01926444833625,16.266666666666666,2.0,5
12920,2026-08-22,UMB,KKDE,67,10.0,6.0,4.0,73,35,0.2851063829787234,168,0.25,27.01926444833625,17.083333333333332,9.0,5
12920,2026-08-22,KKDE,KUN,73,12.0,10.0,2.0,78,25,0.31063829787234043,162,11.181818181818182,27.01926444833625,17.616666666666667,8.0,5
12920,2026-08-22,KUN,PNP,78,12.0,12.0,0.0,83,24,0.33191489361702126,157,12.416666666666666,27.01926444833625,18.033333333333335,15.0,5
12920,2026-08-22,PNP,SNP,83,19.0,12.0,7.0,90,30,0.35319148936170214,152,21.5,27.01926444833625,18.433333333333334,19.0,5
12920,2026-08-22,SNP,SZM,90,24.0,19.0,5.0,99,42,0.3829787234042553,145,25.416666666666668,27.01926444833625,18.933333333333334,13.0,5
12920,2026-08-22,FDB,BVH,109,12.0,12.0,0.0,111,11,0.46382978723404256,126,13.5,27.01926444833625,21.05,8.0,5
12920,2026-08-22,BVH,PWL,111,10.0,12.0,-2.0,113,28,0.4723404255319149,124,13.333333333333334,27.01926444833625,21.233333333333334,-4.0,5
12920,2026-08-22,PWL,KSV,113,2.0,10.0,-8.0,118,28,0.4808510638297872,122,6.333333333333333,27.01926444833625,21.7,-1.0,5
12920,2026-08-22,KSV,MTJ,118,3.0,2.0,1.0,123,30,0.502127659574468,117,9.5,27.01926444833625,22.166666666666668,0.0,5
12920,2026-08-22,MTJ,AGC,123,6.0,3.0,3.0,131,37,0.5234042553191489,112,17.666666666666668,27.01926444833625,22.666666666666668,10.0,5
12920,2026-08-22,AGC,DHO,131,17.0,6.0,11.0,135,58,0.5574468085106383,104,29.166666666666668,27.01926444833625,23.333333333333332,-3.0,5
12920,2026-08-22,DHO,MRA,135,2.0,17.0,-15.0,139,37,0.574468085106383,100,20.333333333333332,27.01926444833625,0.25,-16.0,5
12920,2026-08-22,MRA,GWL,139,3.0,2.0,1.0,145,30,0.5914893617021276,96,12.833333333333334,27.01926444833625,0.8666666666666667,0.0,5
12920,2026-08-22,GWL,DBA,145,6.0,3.0,3.0,151,42,0.6170212765957447,90,22.833333333333332,27.01926444833625,1.3666666666666667,-3.0,5
12920,2026-08-22,DBA,DAA,151,2.0,6.0,-4.0,154,26,0.6425531914893617,84,19.666666666666668,27.01926444833625,2.066666666666667,-2.0,5
12920,2026-08-22,DAA,VGLJ,154,4.0,2.0,2.0,156,37,0.6553191489361702,81,25.75,27.01926444833625,2.5,7.0,5
12920,2026-08-22,VGLJ,BAB,156,11.0,4.0,7.0,159,32,0.6638297872340425,79,20.25,27.01926444833625,3.216666666666667,11.0,5
12920,2026-08-22,BAB,LAR,159,16.0,11.0,5.0,168,44,0.676595744680851,76,25.083333333333332,27.01926444833625,3.65,17.0,5
12920,2026-08-22,LAR,BINA,168,22.0,16.0,6.0,175,69,0.7148936170212766,67,39.083333333333336,27.01926444833625,4.383333333333334,-1.0,5
12920,2026-08-22,BINA,BAQ,175,5.0,22.0,-17.0,181,36,0.7446808510638298,60,25.0,27.01926444833625,5.583333333333333,2.0,5
12920,2026-08-22,BAQ,BHS,181,5.0,5.0,0.0,186,27,0.7702127659574468,54,31.916666666666668,27.01926444833625,6.133333333333334,10.0,5
12920,2026-08-22,BHS,NSZ,186,14.0,5.0,9.0,192,57,0.7914893617021277,49,41.833333333333336,27.01926444833625,6.583333333333333,11.0,5
12920,2026-08-22,SEH,KPP,198,76.0,76.0,0.0,202,27,0.8425531914893617,37,76.41666666666667,27.01926444833625,8.65,69.0,5
12920,2026-08-22,KPP,SJP,202,74.0,76.0,-2.0,204,13,0.8595744680851064,33,78.41666666666667,27.01926444833625,9.1,72.0,5
12920,2026-08-22,SJP,AKD,204,75.0,74.0,1.0,206,15,0.8680851063829788,31,79.25,27.01926444833625,9.333333333333334,70.0,5
12920,2026-08-22,AKD,BCH,206,75.0,75.0,0.0,210,27,0.8765957446808511,29,78.33333333333333,27.01926444833625,9.566666666666666,69.0,5
12920,2026-08-22,BCH,MKC,210,73.0,75.0,-2.0,212,29,0.8936170212765957,25,77.41666666666667,27.01926444833625,10.033333333333333,58.0,5
12920,2026-08-22,MKC,UJN,212,69.0,73.0,-4.0,217,51,0.902127659574468,23,68.83333333333333,27.01926444833625,10.5,51.0,5
12920,2026-08-22,DWX,INDB,223,65.0,65.0,0.0,229,65,0.948936170212766,12,69.83333333333333,27.01926444833625,12.533333333333333,45.0,5
12951,2026-08-22,BVI,ST,18,16.0,16.0,0.0,59,143,0.08411214953271028,196,12.666666666666666,8.097560975609756,17.366666666666667,8.0,5
12951,2026-08-22,ST,BRC,59,13.0,16.0,-3.0,83,83,0.2757009345794392,155,9.5,8.097560975609756,19.8,11.0,5
12951,2026-08-22,BRC,RTM,83,15.0,13.0,2.0,119,199,0.3878504672897196,131,14.333333333333334,8.097560975609756,21.266666666666666,12.0,5
12951,2026-08-22,RTM,NAD,119,15.0,15.0,0.0,124,43,0.5560747663551402,95,5.916666666666667,8.097560975609756,0.4666666666666667,8.0,5
12951,2026-08-22,NAD,KOTA,124,14.0,15.0,-1.0,151,127,0.5794392523364486,90,4.0,8.097560975609756,1.1666666666666667,11.0,5
12952,2026-08-22,KOTA,NAD,64,20.0,20.0,0.0,91,147,0.29906542056074764,150,8.25,5.444444444444445,21.666666666666668,9.0,5
12952,2026-08-22,NAD,RTM,91,12.0,20.0,-8.0,96,33,0.4252336448598131,123,4.083333333333333,5.444444444444445,23.983333333333334,5.0,5
12952,2026-08-22,BRC,ST,132,4.0,4.0,0.0,156,93,0.616822429906542,82,-5.75,5.444444444444445,3.8333333333333335,-2.0,5
12952,2026-08-22,ST,BVI,156,3.0,4.0,-1.0,197,145,0.7289719626168224,58,3.8333333333333335,5.444444444444445,5.3,12.0,5
12952,2026-08-22,BVI,MMCT,197,16.0,3.0,13.0,214,57,0.9205607476635514,17,20.5,5.444444444444445,7.666666666666667,-9.0,5
12919,2026-08-23,INDB,DWX,7,10.0,6.0,4.0,13,46,0.029914529914529916,227,4.25,109.828125,12.25,14.0,6
12919,2026-08-23,DWX,UJN,13,18.0,10.0,8.0,19,54,0.05555555555555555,221,7.0,109.828125,12.883333333333333,27.0,6
12919,2026-08-23,MKC,BCH,24,20.0,20.0,0.0,26,16,0.10256410256410256,210,12.75,109.828125,14.6,18.0,6
12919,2026-08-23,BCH,AKD,26,20.0,20.0,0.0,30,28,0.1111111111111111,208,15.5,109.828125,14.883333333333333,13.0,6
12919,2026-08-23,AKD,SJP,30,16.0,20.0,-4.0,32,13,0.1282051282051282,204,9.75,109.828125,15.333333333333334,13.0,6
12919,2026-08-23,SJP,KPP,32,16.0,16.0,0.0,34,15,0.13675213675213677,202,11.0,109.828125,15.566666666666666,12.0,6
12919,2026-08-23,KPP,SEH,34,16.0,16.0,0.0,38,23,0.1452991452991453,200,8.75,109.828125,15.8,15.0,6
12919,2026-08-23,SEH,SHRN,38,23.0,16.0,7.0,42,43,0.1623931623931624,196,11.75,109.828125,16.183333333333334,8.0,6
12919,2026-08-23,SHRN,BPL,42,13.0,23.0,-10.0,43,27,0.1794871794871795,192,1.75,109.828125,16.916666666666668,18.0,6
12919,2026-08-23,NSZ,BHS,44,41.0,41.0,0.0,50,23,0.18803418803418803,190,56.0,109.828125,17.733333333333334,56.0,6
12919,2026-08-23,BHS,BAQ,50,60.0,41.0,19.0,55,26,0.21367521367521367,184,91.25,109.828125,18.116666666666667,60.0,6
12919,2026-08-23,BAQ,BINA,55,70.0,60.0,10.0,61,59,0.23504273504273504,179,103.0,109.828125,18.55,51.0,6
12919,2026-08-23,BINA,LAR,61,56.0,70.0,-14.0,68,44,0.2606837606837607,173,92.25,109.828125,19.583333333333332,59.0,6
12919,2026-08-23,LAR,BAB,68,61.0,56.0,5.0,77,40,0.2905982905982906,166,111.75,109.828125,20.266666666666666,59.0,6
12919,2026-08-23,BAB,VGLJ,77,63.0,61.0,2.0,80,36,0.32905982905982906,157,113.75,109.828125,20.933333333333334,62.0,6
12919,2026-08-23,VGLJ,DAA,80,70.0,63.0,7.0,82,29,0.3418803418803419,154,108.25,109.828125,21.633333333333333,64.0,6
12919,2026-08-23,DAA,DBA,82,71.0,70.0,1.0,85,23,0.3504273504273504,152,108.5,109.828125,22.016666666666666,69.0,6
12919,2026-08-23,DBA,GWL,85,78.0,71.0,7.0,91,32,0.36324786324786323,149,117.25,109.828125,22.4,112.0,6
12919,2026-08-23,GWL,MRA,91,125.0,78.0,47.0,97,31,0.3888888888888889,143,132.0,109.828125,22.933333333333334,128.0,6
12919,2026-08-23,MRA,DHO,97,132.0,125.0,7.0,101,43,0.41452991452991456,137,132.75,109.828125,23.45,113.0,6
12919,2026-08-23,DHO,AGC,101,113.0,132.0,-19.0,105,32,0.43162393162393164,133,119.25,109.828125,0.16666666666666666,124.0,6
12919,2026-08-23,AGC,MTJ,105,133.0,113.0,20.0,113,43,0.44871794871794873,129,128.0,109.828125,0.75,129.0,6
12919,2026-08-23,MTJ,KSV,113,137.0,133.0,4.0,118,29,0.4829059829059829,121,130.0,109.828125,1.4166666666666667,144.0,6
12919,2026-08-23,KSV,PWL,118,148.0,137.0,11.0,123,66,0.5042735042735043,116,139.25,109.828125,1.9,109.0,6
12919,2026-08-23,PWL,BVH,123,115.0,148.0,-33.0,125,18,0.5256410256410257,111,103.25,109.828125,3.0,117.0,6
12919,2026-08-23,BVH,FDB,125,121.0,115.0,6.0,127,11,0.5341880341880342,109,106.5,109.828125,3.3,142.0,6
12919,2026-08-23,FDB,NZM,127,146.0,121.0,25.0,131,21,0.5427350427350427,107,112.75,109.828125,3.4833333333333334,176.0,6
12919,2026-08-23,NZM,NDLS,131,183.0,146.0,37.0,135,27,0.5598290598290598,103,121.5,109.828125,3.8333333333333335,184.0,6
12919,2026-08-23,NDLS,SNP,135,196.0,183.0,13.0,146,55,0.5769230769230769,99,116.25,109.828125,4.5,206.0,6
12919,2026-08-23,SNP,PNP,146,209.0,196.0,13.0,152,30,0.6239316239316239,88,131.5,109.828125,5.2,215.0,6
12919,2026-08-23,PNP,KUN,152,218.0,209.0,9.0,157,24,0.6495726495726496,82,169.25,109.828125,5.7,217.0,6
12919,2026-08-23,KUN,KKDE,157,216.0,218.0,-2.0,162,26,0.6709401709401709,77,171.75,109.828125,6.1,211.0,6
12919,2026-08-23,KKDE,UMB,162,215.0,216.0,-1.0,168,60,0.6923076923076923,72,169.75,109.828125,6.533333333333333,195.0,6
12919,2026-08-23,UMB,SIR,168,213.0,215.0,-2.0,174,38,0.717948717948718,66,182.5,109.828125,7.583333333333333,222.0,6
12919,2026-08-23,SIR,KNN,174,226.0,213.0,13.0,176,17,0.7435897435897436,60,197.0,109.828125,8.166666666666666,222.0,6
12919,2026-08-23,KNN,LDH,176,223.0,226.0,-3.0,183,75,0.7521367521367521,58,196.5,109.828125,8.45,183.0,6
12919,2026-08-23,LDH,JRC,183,202.0,223.0,-21.0,190,53,0.782051282051282,51,156.5,109.828125,9.833333333333334,203.0,6
12919,2026-08-23,JRC,DZA,190,208.0,202.0,6.0,203,68,0.811965811965812,44,168.25,109.828125,10.6,181.0,6
12919,2026-08-23,DZA,MEX,203,185.0,208.0,-23.0,206,17,0.8675213675213675,31,151.25,109.828125,11.716666666666667,181.0,6
12919,2026-08-23,MEX,PTKC,206,187.0,185.0,2.0,213,29,0.8803418803418803,28,151.5,109.828125,12.0,188.0,6
12919,2026-08-23,PTKC,MSKT,213,193.0,187.0,6.0,217,41,0.9102564102564102,21,159.75,109.828125,12.5,180.0,6
12919,2026-08-23,MSKT,JAT,217,186.0,193.0,-7.0,227,82,0.9273504273504274,17,156.25,109.828125,13.166666666666666,170.0,6
12919,2026-08-23,JAT,RMJK,227,178.0,186.0,-8.0,231,49,0.9700854700854701,7,172.25,109.828125,14.583333333333334,219.0,6
12919,2026-08-23,CRWL,SVDK,233,254.0,254.0,0.0,234,32,0.9957264957264957,1,197.0,109.828125,16.0,247.0,6
12920,2026-08-23,CRWL,MCTM,2,20.0,5.0,15.0,3,19,0.00851063829787234,233,8.153846153846153,26.223300970873787,8.85,11.0,6
12920,2026-08-23,MCTM,RMJK,3,21.0,20.0,1.0,4,16,0.01276595744680851,232,1.2307692307692308,26.223300970873787,9.166666666666666,15.0,6
12920,2026-08-23,RMJK,JAT,4,18.0,21.0,-3.0,8,56,0.01702127659574468,231,7.3076923076923075,26.223300970873787,9.433333333333334,10.0,6
12920,2026-08-23,JAT,MSKT,8,10.0,18.0,-8.0,18,75,0.03404255319148936,227,9.615384615384615,26.223300970873787,10.5,-1.0,6
12920,2026-08-23,MSKT,PTKC,18,5.0,10.0,-5.0,22,40,0.07659574468085106,217,7.153846153846154,26.223300970873787,11.616666666666667,-1.0,6
12920,2026-08-23,PTKC,MEX,22,4.0,5.0,-1.0,29,36,0.09361702127659574,213,4.538461538461538,26.223300970873787,12.3,2.0,6
12920,2026-08-23,MEX,DZA,29,7.0,4.0,3.0,32,17,0.12340425531914893,206,8.76923076923077,26.223300970873787,12.883333333333333,4.0,6
12920,2026-08-23,DZA,JRC,32,6.0,7.0,-1.0,45,67,0.13617021276595745,203,10.384615384615385,26.223300970873787,13.166666666666666,-2.0,6
12920,2026-08-23,JRC,LDH,45,7.0,6.0,1.0,52,50,0.19148936170212766,190,2.3846153846153846,26.223300970873787,14.3,3.0,6
12920,2026-08-23,LDH,KNN,52,7.0,7.0,0.0,59,53,0.22127659574468084,183,-0.38461538461538464,26.223300970873787,15.25,5.0,6
12920,2026-08-23,KNN,SIR,59,9.0,7.0,2.0,61,16,0.251063829787234,176,-5.769230769230769,26.223300970873787,16.0,4.0,6
12920,2026-08-23,SIR,UMB,61,10.0,9.0,1.0,67,46,0.25957446808510637,174,0.23076923076923078,26.223300970873787,16.266666666666666,4.0,6
12920,2026-08-23,UMB,KKDE,67,9.0,10.0,-1.0,73,35,0.2851063829787234,168,0.38461538461538464,26.223300970873787,17.083333333333332,7.0,6
12920,2026-08-23,KKDE,KUN,73,11.0,9.0,2.0,78,25,0.31063829787234043,162,11.0,26.223300970873787,17.616666666666667,17.0,6
12920,2026-08-23,KUN,PNP,78,22.0,11.0,11.0,83,24,0.33191489361702126,157,12.076923076923077,26.223300970873787,18.033333333333335,24.0,6
12920,2026-08-23,PNP,SNP,83,28.0,22.0,6.0,90,30,0.35319148936170214,152,21.0,26.223300970873787,18.433333333333334,27.0,6
12920,2026-08-23,SNP,SZM,90,31.0,28.0,3.0,99,42,0.3829787234042553,145,24.923076923076923,26.223300970873787,18.933333333333334,20.0,6
12920,2026-08-23,FDB,BVH,109,8.0,8.0,0.0,111,11,0.46382978723404256,126,13.076923076923077,26.223300970873787,21.05,5.0,6
12920,2026-08-23,BVH,PWL,111,9.0,8.0,1.0,113,28,0.4723404255319149,124,12.923076923076923,26.223300970873787,21.233333333333334,-6.0,6
12920,2026-08-23,PWL,KSV,113,2.0,9.0,-7.0,118,28,0.4808510638297872,122,5.538461538461538,26.223300970873787,21.7,-1.0,6
12920,2026-08-23,KSV,MTJ,118,4.0,2.0,2.0,123,30,0.502127659574468,117,8.692307692307692,26.223300970873787,22.166666666666668,0.0,6
12920,2026-08-23,MTJ,AGC,123,8.0,4.0,4.0,131,37,0.5234042553191489,112,16.307692307692307,26.223300970873787,22.666666666666668,7.0,6
12920,2026-08-23,AGC,DHO,131,15.0,8.0,7.0,135,58,0.5574468085106383,104,27.692307692307693,26.223300970873787,23.333333333333332,-3.0,6
12920,2026-08-23,DHO,MRA,135,2.0,15.0,-13.0,139,37,0.574468085106383,100,18.53846153846154,26.223300970873787,0.25,-15.0,6
12920,2026-08-23,MRA,GWL,139,3.0,2.0,1.0,145,30,0.5914893617021276,96,10.615384615384615,26.223300970873787,0.8666666666666667,5.0,6
12920,2026-08-23,GWL,DBA,145,13.0,3.0,10.0,151,42,0.6170212765957447,90,21.076923076923077,26.223300970873787,1.3666666666666667,9.0,6
12920,2026-08-23,DBA,DAA,151,13.0,13.0,0.0,154,26,0.6425531914893617,84,17.923076923076923,26.223300970873787,2.066666666666667,9.0,6
12920,2026-08-23,DAA,VGLJ,154,14.0,13.0,1.0,156,37,0.6553191489361702,81,23.615384615384617,26.223300970873787,2.5,1.0,6
12920,2026-08-23,VGLJ,BAB,156,14.0,14.0,0.0,159,32,0.6638297872340425,79,19.23076923076923,26.223300970873787,3.216666666666667,10.0,6
12920,2026-08-23,BAB,LAR,159,17.0,14.0,3.0,168,44,0.676595744680851,76,24.0,26.223300970873787,3.65,27.0,6
12920,2026-08-23,LAR,BINA,168,32.0,17.0,15.0,175,69,0.7148936170212766,67,37.38461538461539,26.223300970873787,4.383333333333334,10.0,6
12920,2026-08-23,BINA,BAQ,175,23.0,32.0,-9.0,181,36,0.7446808510638298,60,23.0,26.223300970873787,5.583333333333333,21.0,6
12920,2026-08-23,BAQ,BHS,181,26.0,23.0,3.0,186,27,0.7702127659574468,54,29.615384615384617,26.223300970873787,6.133333333333334,27.0,6
12920,2026-08-23,BHS,NSZ,186,32.0,26.0,6.0,192,57,0.7914893617021277,49,39.38461538461539,26.223300970873787,6.583333333333333,19.0,6
12920,2026-08-23,SHRN,SEH,194,30.0,38.0,-8.0,198,12,0.825531914893617,41,26.223300970873787,26.223300970873787,8.466666666666667,54.0,6
12920,2026-08-23,SEH,KPP,198,64.0,30.0,34.0,202,27,0.8425531914893617,37,75.6923076923077,26.223300970873787,8.65,57.0,6
12920,2026-08-23,KPP,SJP,202,59.0,64.0,-5.0,204,13,0.8595744680851064,33,77.6923076923077,26.223300970873787,9.1,56.0,6
12920,2026-08-23,SJP,AKD,204,60.0,59.0,1.0,206,15,0.8680851063829788,31,78.6923076923077,26.223300970873787,9.333333333333334,54.0,6
12920,2026-08-23,AKD,BCH,206,59.0,60.0,-1.0,210,27,0.8765957446808511,29,77.6923076923077,26.223300970873787,9.566666666666666,51.0,6
12920,2026-08-23,BCH,MKC,210,56.0,59.0,-3.0,212,29,0.8936170212765957,25,76.76923076923077,26.223300970873787,10.033333333333333,40.0,6
12920,2026-08-23,MKC,UJN,212,48.0,56.0,-8.0,217,51,0.902127659574468,23,68.0,26.223300970873787,10.5,25.0,6
12920,2026-08-23,DWX,INDB,223,41.0,41.0,0.0,229,65,0.948936170212766,12,69.15384615384616,26.223300970873787,12.533333333333333,17.0,6
12920,2026-08-23,INDB,DADN,229,22.0,41.0,-19.0,235,50,0.9744680851063829,6,48.15384615384615,26.223300970873787,13.75,11.0,6
12951,2026-08-23,BVI,ST,18,11.0,11.0,0.0,59,143,0.08411214953271028,196,12.615384615384615,8.179775280898877,17.366666666666667,15.0,6
12951,2026-08-23,ST,BRC,59,20.0,11.0,9.0,83,83,0.2757009345794392,155,9.384615384615385,8.179775280898877,19.8,29.0,6
12951,2026-08-23,BRC,RTM,83,32.0,20.0,12.0,119,199,0.3878504672897196,131,14.076923076923077,8.179775280898877,21.266666666666666,29.0,6
12951,2026-08-23,RTM,NAD,119,34.0,32.0,2.0,124,43,0.5560747663551402,95,6.384615384615385,8.179775280898877,0.4666666666666667,24.0,6
12951,2026-08-23,NAD,KOTA,124,29.0,34.0,-5.0,151,127,0.5794392523364486,90,4.3076923076923075,8.179775280898877,1.1666666666666667,35.0,6
12952,2026-08-23,KOTA,NAD,64,8.0,8.0,0.0,91,147,0.29906542056074764,150,8.846153846153847,5.341772151898734,21.666666666666668,-2.0,6
12952,2026-08-23,NAD,RTM,91,3.0,8.0,-5.0,96,33,0.4252336448598131,123,4.461538461538462,5.341772151898734,23.983333333333334,5.0,6
12952,2026-08-23,BRC,ST,132,7.0,7.0,0.0,156,93,0.616822429906542,82,-5.384615384615385,5.341772151898734,3.8333333333333335,6.0,6
12919,2026-08-24,INDB,DWX,7,9.0,4.0,5.0,13,46,0.029914529914529916,227,4.2,111.19583333333334,12.25,3.0,0
12919,2026-08-24,DWX,UJN,13,8.0,9.0,-1.0,19,54,0.05555555555555555,221,8.4,111.19583333333334,12.883333333333333,-12.0,0
12919,2026-08-24,MKC,BCH,24,9.0,9.0,0.0,26,16,0.10256410256410256,210,13.4,111.19583333333334,14.6,6.0,0
12919,2026-08-24,BCH,AKD,26,7.0,9.0,-2.0,30,28,0.1111111111111111,208,16.0,111.19583333333334,14.883333333333333,1.0,0
12919,2026-08-24,AKD,SJP,30,5.0,7.0,-2.0,32,13,0.1282051282051282,204,10.4,111.19583333333334,15.333333333333334,2.0,0
12919,2026-08-24,SJP,KPP,32,5.0,5.0,0.0,34,15,0.13675213675213677,202,11.4,111.19583333333334,15.566666666666666,0.0,0
12919,2026-08-24,KPP,SEH,34,5.0,5.0,0.0,38,23,0.1452991452991453,200,9.4,111.19583333333334,15.8,6.0,0
12919,2026-08-24,SEH,SHRN,38,17.0,5.0,12.0,42,43,0.1623931623931624,196,12.4,111.19583333333334,16.183333333333334,-3.0,0
12919,2026-08-24,SHRN,BPL,42,3.0,17.0,-14.0,43,27,0.1794871794871795,192,3.0,111.19583333333334,16.916666666666668,11.0,0
12919,2026-08-24,NSZ,BHS,44,33.0,33.0,0.0,50,23,0.18803418803418803,190,51.4,111.19583333333334,17.733333333333334,58.0,0
12919,2026-08-24,BHS,BAQ,50,69.0,33.0,36.0,55,26,0.21367521367521367,184,84.2,111.19583333333334,18.116666666666667,136.0,0
12919,2026-08-24,BAQ,BINA,55,141.0,69.0,72.0,61,59,0.23504273504273504,179,94.4,111.19583333333334,18.55,114.0,0
12919,2026-08-24,BINA,LAR,61,124.0,141.0,-17.0,68,44,0.2606837606837607,173,84.0,111.19583333333334,19.583333333333332,136.0,0
12919,2026-08-24,LAR,BAB,68,143.0,124.0,19.0,77,40,0.2905982905982906,166,101.2,111.19583333333334,20.266666666666666,137.0,0
12919,2026-08-24,BAB,VGLJ,77,142.0,143.0,-1.0,80,36,0.32905982905982906,157,102.8,111.19583333333334,20.933333333333334,129.0,0
12919,2026-08-24,VGLJ,DAA,80,140.0,142.0,-2.0,82,29,0.3418803418803419,154,99.0,111.19583333333334,21.633333333333333,138.0,0
12919,2026-08-24,DAA,DBA,82,145.0,140.0,5.0,85,23,0.3504273504273504,152,99.6,111.19583333333334,22.016666666666666,141.0,0
12919,2026-08-24,DBA,GWL,85,144.0,145.0,-1.0,91,32,0.36324786324786323,149,107.6,111.19583333333334,22.4,197.0,0
12919,2026-08-24,GWL,MRA,91,202.0,144.0,58.0,97,31,0.3888888888888889,143,128.0,111.19583333333334,22.933333333333334,195.0,0
12919,2026-08-24,MRA,DHO,97,199.0,202.0,-3.0,101,43,0.41452991452991456,137,131.8,111.19583333333334,23.45,179.0,0
12919,2026-08-24,DHO,AGC,101,183.0,199.0,-16.0,105,32,0.43162393162393164,133,118.0,111.19583333333334,0.16666666666666666,190.0,0
12919,2026-08-24,AGC,MTJ,105,196.0,183.0,13.0,113,43,0.44871794871794873,129,127.2,111.19583333333334,0.75,190.0,0
12919,2026-08-24,MTJ,KSV,113,198.0,196.0,2.0,118,29,0.4829059829059829,121,129.8,111.19583333333334,1.4166666666666667,203.0,0
12919,2026-08-24,KSV,PWL,118,206.0,198.0,8.0,123,66,0.5042735042735043,116,140.2,111.19583333333334,1.9,169.0,0
12919,2026-08-24,PWL,BVH,123,172.0,206.0,-34.0,125,18,0.5256410256410257,111,104.4,111.19583333333334,3.0,171.0,0
12919,2026-08-24,BVH,FDB,125,175.0,172.0,3.0,127,11,0.5341880341880342,109,108.6,111.19583333333334,3.3,193.0,0
12919,2026-08-24,FDB,NZM,127,198.0,175.0,23.0,131,21,0.5427350427350427,107,118.6,111.19583333333334,3.4833333333333334,199.0,0
12919,2026-08-24,NZM,NDLS,131,206.0,198.0,8.0,135,27,0.5598290598290598,103,132.4,111.19583333333334,3.8333333333333335,197.0,0
12919,2026-08-24,NDLS,SNP,135,206.0,206.0,0.0,146,55,0.5769230769230769,99,129.8,111.19583333333334,4.5,221.0,0
12919,2026-08-24,SNP,PNP,146,224.0,206.0,18.0,152,30,0.6239316239316239,88,146.4,111.19583333333334,5.2,229.0,0
12919,2026-08-24,PNP,KUN,152,235.0,224.0,11.0,157,24,0.6495726495726496,82,178.4,111.19583333333334,5.7,231.0,0
12919,2026-08-24,KUN,KKDE,157,233.0,235.0,-2.0,162,26,0.6709401709401709,77,180.8,111.19583333333334,6.1,228.0,0
12919,2026-08-24,KKDE,UMB,162,232.0,233.0,-1.0,168,60,0.6923076923076923,72,178.0,111.19583333333334,6.533333333333333,202.0,0
12919,2026-08-24,UMB,SIR,168,208.0,232.0,-24.0,174,38,0.717948717948718,66,185.0,111.19583333333334,7.583333333333333,210.0,0
12919,2026-08-24,SIR,KNN,174,215.0,208.0,7.0,176,17,0.7435897435897436,60,202.0,111.19583333333334,8.166666666666666,210.0,0
12919,2026-08-24,KNN,LDH,176,213.0,215.0,-2.0,183,75,0.7521367521367521,58,201.6,111.19583333333334,8.45,175.0,0
12919,2026-08-24,LDH,JRC,183,183.0,213.0,-30.0,190,53,0.782051282051282,51,161.8,111.19583333333334,9.833333333333334,184.0,0
12919,2026-08-24,JRC,DZA,190,190.0,183.0,7.0,203,68,0.811965811965812,44,175.2,111.19583333333334,10.6,179.0,0
12919,2026-08-24,DZA,MEX,203,183.0,190.0,-7.0,206,17,0.8675213675213675,31,157.2,111.19583333333334,11.716666666666667,182.0,0
12919,2026-08-24,MEX,PTKC,206,190.0,183.0,7.0,213,29,0.8803418803418803,28,157.4,111.19583333333334,12.0,191.0,0
12919,2026-08-24,PTKC,MSKT,213,195.0,190.0,5.0,217,41,0.9102564102564102,21,165.4,111.19583333333334,12.5,183.0,0
12919,2026-08-24,MSKT,JAT,217,191.0,195.0,-4.0,227,82,0.9273504273504274,17,161.0,111.19583333333334,13.166666666666666,172.0,0
12919,2026-08-24,JAT,RMJK,227,183.0,191.0,-8.0,231,49,0.9700854700854701,7,171.8,111.19583333333334,14.583333333333334,215.0,0
12919,2026-08-24,CRWL,SVDK,233,256.0,256.0,0.0,234,32,0.9957264957264957,1,199.8,111.19583333333334,16.0,251.0,0
12920,2026-08-24,CRWL,MCTM,2,20.0,13.0,7.0,3,19,0.00851063829787234,233,7.928571428571429,25.4024024024024,8.85,9.0,0
12920,2026-08-24,MCTM,RMJK,3,20.0,20.0,0.0,4,16,0.01276595744680851,232,1.9285714285714286,25.4024024024024,9.166666666666666,14.0,0
12920,2026-08-24,RMJK,JAT,4,19.0,20.0,-1.0,8,56,0.01702127659574468,231,7.857142857142857,25.4024024024024,9.433333333333334,17.0,0
12920,2026-08-24,JAT,MSKT,8,18.0,19.0,-1.0,18,75,0.03404255319148936,227,9.642857142857142,25.4024024024024,10.5,6.0,0
12920,2026-08-24,MSKT,PTKC,18,10.0,18.0,-8.0,22,40,0.07659574468085106,217,6.571428571428571,25.4024024024024,11.616666666666667,4.0,0
12920,2026-08-24,PTKC,MEX,22,10.0,10.0,0.0,29,36,0.09361702127659574,213,4.142857142857143,25.4024024024024,12.3,9.0,0
12920,2026-08-24,MEX,DZA,29,13.0,10.0,3.0,32,17,0.12340425531914893,206,8.285714285714286,25.4024024024024,12.883333333333333,11.0,0
12920,2026-08-24,DZA,JRC,32,14.0,13.0,1.0,45,67,0.13617021276595745,203,9.928571428571429,25.4024024024024,13.166666666666666,2.0,0
12920,2026-08-24,JRC,LDH,45,4.0,14.0,-10.0,52,50,0.19148936170212766,190,2.0714285714285716,25.4024024024024,14.3,2.0,0
12920,2026-08-24,LDH,KNN,52,7.0,4.0,3.0,59,53,0.22127659574468084,183,-0.14285714285714285,25.4024024024024,15.25,-2.0,0
12920,2026-08-24,KNN,SIR,59,2.0,7.0,-5.0,61,16,0.251063829787234,176,-5.0,25.4024024024024,16.0,-2.0,0
12920,2026-08-24,SIR,UMB,61,2.0,2.0,0.0,67,46,0.25957446808510637,174,0.5,25.4024024024024,16.266666666666666,-1.0,0
12920,2026-08-24,UMB,KKDE,67,4.0,2.0,2.0,73,35,0.2851063829787234,168,0.6428571428571429,25.4024024024024,17.083333333333332,3.0,0
12920,2026-08-24,KKDE,KUN,73,8.0,4.0,4.0,78,25,0.31063829787234043,162,10.692307692307692,25.4024024024024,17.616666666666667,5.0,0
12920,2026-08-24,KUN,PNP,78,10.0,8.0,2.0,83,24,0.33191489361702126,157,12.428571428571429,25.4024024024024,18.033333333333335,14.0,0
12920,2026-08-24,PNP,SNP,83,19.0,10.0,9.0,90,30,0.35319148936170214,152,21.214285714285715,25.4024024024024,18.433333333333334,20.0,0
12920,2026-08-24,SNP,SZM,90,25.0,19.0,6.0,99,42,0.3829787234042553,145,25.071428571428573,25.4024024024024,18.933333333333334,10.0,0
12920,2026-08-24,FDB,BVH,109,18.0,18.0,0.0,111,11,0.46382978723404256,126,12.571428571428571,25.4024024024024,21.05,14.0,0
12920,2026-08-24,BVH,PWL,111,17.0,18.0,-1.0,113,28,0.4723404255319149,124,12.357142857142858,25.4024024024024,21.233333333333334,4.0,0
12920,2026-08-24,PWL,KSV,113,8.0,17.0,-9.0,118,28,0.4808510638297872,122,4.714285714285714,25.4024024024024,21.7,7.0,0
12920,2026-08-24,KSV,MTJ,118,7.0,8.0,-1.0,123,30,0.502127659574468,117,8.0,25.4024024024024,22.166666666666668,3.0,0
12920,2026-08-24,MTJ,AGC,123,11.0,7.0,4.0,131,37,0.5234042553191489,112,15.142857142857142,25.4024024024024,22.666666666666668,17.0,0
12920,2026-08-24,AGC,DHO,131,22.0,11.0,11.0,135,58,0.5574468085106383,104,26.214285714285715,25.4024024024024,23.333333333333332,1.0,0
12920,2026-08-24,DHO,MRA,135,2.0,22.0,-20.0,139,37,0.574468085106383,100,17.0,25.4024024024024,0.25,-9.0,0
12920,2026-08-24,MRA,GWL,139,3.0,2.0,1.0,145,30,0.5914893617021276,96,8.785714285714286,25.4024024024024,0.8666666666666667,1.0,0
12920,2026-08-24,GWL,DBA,145,11.0,3.0,8.0,151,42,0.6170212765957447,90,19.928571428571427,25.4024024024024,1.3666666666666667,3.0,0
12920,2026-08-24,DBA,DAA,151,7.0,11.0,-4.0,154,26,0.6425531914893617,84,17.285714285714285,25.4024024024024,2.066666666666667,4.0,0
12920,2026-08-24,DAA,VGLJ,154,8.0,7.0,1.0,156,37,0.6553191489361702,81,22.571428571428573,25.4024024024024,2.5,-11.0,0
12920,2026-08-24,VGLJ,BAB,156,8.0,8.0,0.0,159,32,0.6638297872340425,79,17.928571428571427,25.4024024024024,3.216666666666667,3.0,0
12920,2026-08-24,BAB,LAR,159,8.0,8.0,0.0,168,44,0.676595744680851,76,23.0,25.4024024024024,3.65,12.0,0
12920,2026-08-24,LAR,BINA,168,17.0,8.0,9.0,175,69,0.7148936170212766,67,36.642857142857146,25.4024024024024,4.383333333333334,0.0,0
12920,2026-08-24,BINA,BAQ,175,8.0,17.0,-9.0,181,36,0.7446808510638298,60,22.071428571428573,25.4024024024024,5.583333333333333,9.0,0
12920,2026-08-24,BAQ,BHS,181,13.0,8.0,5.0,186,27,0.7702127659574468,54,29.0,25.4024024024024,6.133333333333334,16.0,0
12920,2026-08-24,BHS,NSZ,186,21.0,13.0,8.0,192,57,0.7914893617021277,49,38.5,25.4024024024024,6.583333333333333,40.0,0
12920,2026-08-24,SEH,KPP,198,76.0,76.0,0.0,202,27,0.8425531914893617,37,74.14285714285714,25.4024024024024,8.65,69.0,0
12920,2026-08-24,KPP,SJP,202,73.0,76.0,-3.0,204,13,0.8595744680851064,33,76.21428571428571,25.4024024024024,9.1,70.0,0
12920,2026-08-24,SJP,AKD,204,74.0,73.0,1.0,206,15,0.8680851063829788,31,77.07142857142857,25.4024024024024,9.333333333333334,68.0,0
12920,2026-08-24,AKD,BCH,206,74.0,74.0,0.0,210,27,0.8765957446808511,29,76.0,25.4024024024024,9.566666666666666,69.0,0
12920,2026-08-24,BCH,MKC,210,76.0,74.0,2.0,212,29,0.8936170212765957,25,74.92857142857143,25.4024024024024,10.033333333333333,61.0,0
12920,2026-08-24,MKC,UJN,212,69.0,76.0,-7.0,217,51,0.902127659574468,23,66.0,25.4024024024024,10.5,48.0,0
12920,2026-08-24,DWX,INDB,223,57.0,57.0,0.0,229,65,0.948936170212766,12,66.64285714285714,25.4024024024024,12.533333333333333,29.0,0
12920,2026-08-24,INDB,DADN,229,33.0,57.0,-24.0,235,50,0.9744680851063829,6,45.92857142857143,25.4024024024024,13.75,8.0,0
12951,2026-08-24,ST,BRC,59,9.0,9.0,0.0,83,83,0.2757009345794392,155,9.785714285714286,9.135416666666666,19.8,14.0,0
12951,2026-08-24,BRC,RTM,83,15.0,9.0,6.0,119,199,0.3878504672897196,131,15.142857142857142,9.135416666666666,21.266666666666666,5.0,0
12951,2026-08-24,RTM,NAD,119,10.0,15.0,-5.0,124,43,0.5560747663551402,95,8.0,9.135416666666666,0.4666666666666667,1.0,0
12951,2026-08-24,NAD,KOTA,124,6.0,10.0,-4.0,151,127,0.5794392523364486,90,5.714285714285714,9.135416666666666,1.1666666666666667,7.0,0
12919,2026-08-25,INDB,DWX,7,9.0,4.0,5.0,13,46,0.029914529914529916,227,4.166666666666667,115.58680555555556,12.25,1.0,1
12919,2026-08-25,DWX,UJN,13,6.0,9.0,-3.0,19,54,0.05555555555555555,221,7.5,115.58680555555556,12.883333333333333,-15.0,1
12919,2026-08-25,MKC,BCH,24,3.0,3.0,0.0,26,16,0.10256410256410256,210,11.666666666666666,115.58680555555556,14.6,2.0,1
12919,2026-08-25,BCH,AKD,26,3.0,3.0,0.0,30,28,0.1111111111111111,208,14.333333333333334,115.58680555555556,14.883333333333333,-3.0,1
12919,2026-08-25,AKD,SJP,30,1.0,3.0,-2.0,32,13,0.1282051282051282,204,8.833333333333334,115.58680555555556,15.333333333333334,1.0,1
12919,2026-08-25,SJP,KPP,32,4.0,1.0,3.0,34,15,0.13675213675213677,202,9.833333333333334,115.58680555555556,15.566666666666666,-2.0,1
12919,2026-08-25,KPP,SEH,34,2.0,4.0,-2.0,38,23,0.1452991452991453,200,7.833333333333333,115.58680555555556,15.8,3.0,1
12919,2026-08-25,SEH,SHRN,38,17.0,2.0,15.0,42,43,0.1623931623931624,196,11.333333333333334,115.58680555555556,16.183333333333334,16.0,1
12919,2026-08-25,SHRN,BPL,42,23.0,17.0,6.0,43,27,0.1794871794871795,192,2.0,115.58680555555556,16.916666666666668,25.0,1
12919,2026-08-25,NSZ,BHS,44,49.0,49.0,0.0,50,23,0.18803418803418803,190,48.166666666666664,115.58680555555556,17.733333333333334,66.0,1
12919,2026-08-25,BHS,BAQ,50,71.0,49.0,22.0,55,26,0.21367521367521367,184,79.83333333333333,115.58680555555556,18.116666666666667,70.0,1
12919,2026-08-25,BAQ,BINA,55,74.0,71.0,3.0,61,59,0.23504273504273504,179,101.33333333333333,115.58680555555556,18.55,57.0,1
12919,2026-08-25,LAR,BAB,68,91.0,75.0,16.0,77,40,0.2905982905982906,166,107.0,115.58680555555556,20.266666666666666,94.0,1
12919,2026-08-25,BAB,VGLJ,77,98.0,91.0,7.0,80,36,0.32905982905982906,157,108.5,115.58680555555556,20.933333333333334,83.0,1
12919,2026-08-25,VGLJ,DAA,80,89.0,98.0,-9.0,82,29,0.3418803418803419,154,104.0,115.58680555555556,21.633333333333333,89.0,1
12919,2026-08-25,DAA,DBA,82,95.0,89.0,6.0,85,23,0.3504273504273504,152,106.0,115.58680555555556,22.016666666666666,92.0,1
12919,2026-08-25,DBA,GWL,85,96.0,95.0,1.0,91,32,0.36324786324786323,149,113.16666666666667,115.58680555555556,22.4,93.0,1
12919,2026-08-25,GWL,MRA,91,99.0,96.0,3.0,97,31,0.3888888888888889,143,139.5,115.58680555555556,22.933333333333334,92.0,1
12919,2026-08-25,MRA,DHO,97,95.0,99.0,-4.0,101,43,0.41452991452991456,137,142.33333333333334,115.58680555555556,23.45,75.0,1
12919,2026-08-25,DHO,AGC,101,78.0,95.0,-17.0,105,32,0.43162393162393164,133,128.16666666666666,115.58680555555556,0.16666666666666666,84.0,1
12919,2026-08-25,AGC,MTJ,105,92.0,78.0,14.0,113,43,0.44871794871794873,129,137.66666666666666,115.58680555555556,0.75,85.0,1
12919,2026-08-25,MTJ,KSV,113,90.0,92.0,-2.0,118,29,0.4829059829059829,121,139.83333333333334,115.58680555555556,1.4166666666666667,93.0,1
12919,2026-08-25,KSV,PWL,118,100.0,90.0,10.0,123,66,0.5042735042735043,116,150.66666666666666,115.58680555555556,1.9,58.0,1
12919,2026-08-25,PWL,BVH,123,62.0,100.0,-38.0,125,18,0.5256410256410257,111,115.16666666666667,115.58680555555556,3.0,59.0,1
12919,2026-08-25,BVH,FDB,125,61.0,62.0,-1.0,127,11,0.5341880341880342,109,119.0,115.58680555555556,3.3,70.0,1
12919,2026-08-25,FDB,NZM,127,74.0,61.0,13.0,131,21,0.5427350427350427,107,131.0,115.58680555555556,3.4833333333333334,114.0,1
12919,2026-08-25,NZM,NDLS,131,121.0,74.0,47.0,135,27,0.5598290598290598,103,143.5,115.58680555555556,3.8333333333333335,113.0,1
12919,2026-08-25,NDLS,SNP,135,121.0,121.0,0.0,146,55,0.5769230769230769,99,141.0,115.58680555555556,4.5,149.0,1
12919,2026-08-25,SNP,PNP,146,153.0,121.0,32.0,152,30,0.6239316239316239,88,158.83333333333334,115.58680555555556,5.2,195.0,1
12919,2026-08-25,PNP,KUN,152,199.0,153.0,46.0,157,24,0.6495726495726496,82,186.83333333333334,115.58680555555556,5.7,201.0,1
12919,2026-08-25,KUN,KKDE,157,211.0,199.0,12.0,162,26,0.6709401709401709,77,189.16666666666666,115.58680555555556,6.1,227.0,1
12919,2026-08-25,KKDE,UMB,162,233.0,211.0,22.0,168,60,0.6923076923076923,72,186.33333333333334,115.58680555555556,6.533333333333333,212.0,1
12919,2026-08-25,UMB,SIR,168,216.0,233.0,-17.0,174,38,0.717948717948718,66,187.83333333333334,115.58680555555556,7.583333333333333,218.0,1
12919,2026-08-25,SIR,KNN,174,222.0,216.0,6.0,176,17,0.7435897435897436,60,203.33333333333334,115.58680555555556,8.166666666666666,217.0,1
12919,2026-08-25,KNN,LDH,176,218.0,222.0,-4.0,183,75,0.7521367521367521,58,203.0,115.58680555555556,8.45,182.0,1
12919,2026-08-25,LDH,JRC,183,187.0,218.0,-31.0,190,53,0.782051282051282,51,164.0,115.58680555555556,9.833333333333334,186.0,1
12919,2026-08-25,JRC,DZA,190,192.0,187.0,5.0,203,68,0.811965811965812,44,176.66666666666666,115.58680555555556,10.6,182.0,1
12919,2026-08-25,DZA,MEX,203,186.0,192.0,-6.0,206,17,0.8675213675213675,31,160.83333333333334,115.58680555555556,11.716666666666667,183.0,1
12919,2026-08-25,MEX,PTKC,206,187.0,186.0,1.0,213,29,0.8803418803418803,28,161.5,115.58680555555556,12.0,189.0,1
12919,2026-08-25,PTKC,MSKT,213,192.0,187.0,5.0,217,41,0.9102564102564102,21,169.66666666666666,115.58680555555556,12.5,181.0,1
12919,2026-08-25,MSKT,JAT,217,185.0,192.0,-7.0,227,82,0.9273504273504274,17,164.66666666666666,115.58680555555556,13.166666666666666,237.0,1
12919,2026-08-25,JAT,RMJK,227,267.0,185.0,82.0,231,49,0.9700854700854701,7,171.83333333333334,115.58680555555556,14.583333333333334,273.0,1
12919,2026-08-25,CRWL,SVDK,233,286.0,286.0,0.0,234,32,0.9957264957264957,1,202.16666666666666,115.58680555555556,16.0,280.0,1
12920,2026-08-25,CRWL,MCTM,2,12.0,7.0,5.0,3,19,0.00851063829787234,233,8.333333333333334,24.84733893557423,8.85,1.0,1
12920,2026-08-25,MCTM,RMJK,3,11.0,12.0,-1.0,4,16,0.01276595744680851,232,2.4,24.84733893557423,9.166666666666666,6.0,1
12920,2026-08-25,RMJK,JAT,4,14.0,11.0,3.0,8,56,0.01702127659574468,231,8.266666666666667,24.84733893557423,9.433333333333334,26.0,1
12920,2026-08-25,JAT,MSKT,8,29.0,14.0,15.0,18,75,0.03404255319148936,227,10.133333333333333,24.84733893557423,10.5,17.0,1
12920,2026-08-25,MSKT,PTKC,18,23.0,29.0,-6.0,22,40,0.07659574468085106,217,6.533333333333333,24.84733893557423,11.616666666666667,15.0,1
12920,2026-08-25,PTKC,MEX,22,20.0,23.0,-3.0,29,36,0.09361702127659574,213,4.133333333333334,24.84733893557423,12.3,18.0,1
12920,2026-08-25,MEX,DZA,29,23.0,20.0,3.0,32,17,0.12340425531914893,206,8.333333333333334,24.84733893557423,12.883333333333333,19.0,1
12920,2026-08-25,DZA,JRC,32,23.0,23.0,0.0,45,67,0.13617021276595745,203,10.0,24.84733893557423,13.166666666666666,6.0,1
12920,2026-08-25,JRC,LDH,45,10.0,23.0,-13.0,52,50,0.19148936170212766,190,2.066666666666667,24.84733893557423,14.3,-5.0,1
12920,2026-08-25,LDH,KNN,52,4.0,10.0,-6.0,59,53,0.22127659574468084,183,0.0,24.84733893557423,15.25,-7.0,1
12920,2026-08-25,KNN,SIR,59,4.0,4.0,0.0,61,16,0.251063829787234,176,-4.8,24.84733893557423,16.0,0.0,1
12920,2026-08-25,SIR,UMB,61,5.0,4.0,1.0,67,46,0.25957446808510637,174,0.3333333333333333,24.84733893557423,16.266666666666666,0.0,1
12920,2026-08-25,UMB,KKDE,67,5.0,5.0,0.0,73,35,0.2851063829787234,168,0.5333333333333333,24.84733893557423,17.083333333333332,3.0,1
12920,2026-08-25,KKDE,KUN,73,7.0,5.0,2.0,78,25,0.31063829787234043,162,10.142857142857142,24.84733893557423,17.616666666666667,3.0,1
12920,2026-08-25,KUN,PNP,78,8.0,7.0,1.0,83,24,0.33191489361702126,157,11.933333333333334,24.84733893557423,18.033333333333335,12.0,1
12920,2026-08-25,PNP,SNP,83,15.0,8.0,7.0,90,30,0.35319148936170214,152,20.733333333333334,24.84733893557423,18.433333333333334,13.0,1
12920,2026-08-25,SNP,SZM,90,18.0,15.0,3.0,99,42,0.3829787234042553,145,24.733333333333334,24.84733893557423,18.933333333333334,21.0,1
12920,2026-08-25,FDB,BVH,109,16.0,16.0,0.0,111,11,0.46382978723404256,126,12.4,24.84733893557423,21.05,11.0,1
12920,2026-08-25,BVH,PWL,111,16.0,16.0,0.0,113,28,0.4723404255319149,124,12.466666666666667,24.84733893557423,21.233333333333334,1.0,1
12920,2026-08-25,PWL,KSV,113,3.0,16.0,-13.0,118,28,0.4808510638297872,122,4.666666666666667,24.84733893557423,21.7,1.0,1
12920,2026-08-25,KSV,MTJ,118,4.0,3.0,1.0,123,30,0.502127659574468,117,7.933333333333334,24.84733893557423,22.166666666666668,2.0,1
12920,2026-08-25,MTJ,AGC,123,10.0,4.0,6.0,131,37,0.5234042553191489,112,14.333333333333334,24.84733893557423,22.666666666666668,13.0,1
12920,2026-08-25,AGC,DHO,131,19.0,10.0,9.0,135,58,0.5574468085106383,104,25.6,24.84733893557423,23.333333333333332,-5.0,1
12920,2026-08-25,DHO,MRA,135,3.0,19.0,-16.0,139,37,0.574468085106383,100,15.933333333333334,24.84733893557423,0.25,-7.0,1
12920,2026-08-25,MRA,GWL,139,3.0,3.0,0.0,145,30,0.5914893617021276,96,7.6,24.84733893557423,0.8666666666666667,7.0,1
12920,2026-08-25,GWL,DBA,145,14.0,3.0,11.0,151,42,0.6170212765957447,90,18.666666666666668,24.84733893557423,1.3666666666666667,9.0,1
12920,2026-08-25,DBA,DAA,151,14.0,14.0,0.0,154,26,0.6425531914893617,84,16.333333333333332,24.84733893557423,2.066666666666667,18.0,1
12920,2026-08-25,DAA,VGLJ,154,24.0,14.0,10.0,156,37,0.6553191489361702,81,21.333333333333332,24.84733893557423,2.5,21.0,1
12920,2026-08-25,VGLJ,BAB,156,40.0,24.0,16.0,159,32,0.6638297872340425,79,16.0,24.84733893557423,3.216666666666667,36.0,1
12920,2026-08-25,BAB,LAR,159,69.0,40.0,29.0,168,44,0.676595744680851,76,21.666666666666668,24.84733893557423,3.65,107.0,1
12920,2026-08-25,LAR,BINA,168,116.0,69.0,47.0,175,69,0.7148936170212766,67,35.0,24.84733893557423,4.383333333333334,92.0,1
12920,2026-08-25,BINA,BAQ,175,97.0,116.0,-19.0,181,36,0.7446808510638298,60,20.6,24.84733893557423,5.583333333333333,101.0,1
12920,2026-08-25,BAQ,BHS,181,106.0,97.0,9.0,186,27,0.7702127659574468,54,27.666666666666668,24.84733893557423,6.133333333333334,115.0,1
12920,2026-08-25,BHS,NSZ,186,120.0,106.0,14.0,192,57,0.7914893617021277,49,37.0,24.84733893557423,6.583333333333333,118.0,1
12920,2026-08-25,SEH,KPP,198,174.0,174.0,0.0,202,27,0.8425531914893617,37,73.33333333333333,24.84733893557423,8.65,164.0,1
12920,2026-08-25,KPP,SJP,202,170.0,174.0,-4.0,204,13,0.8595744680851064,33,75.73333333333333,24.84733893557423,9.1,166.0,1
12920,2026-08-25,SJP,AKD,204,170.0,170.0,0.0,206,15,0.8680851063829788,31,76.6,24.84733893557423,9.333333333333334,165.0,1
12920,2026-08-25,AKD,BCH,206,169.0,170.0,-1.0,210,27,0.8765957446808511,29,75.46666666666667,24.84733893557423,9.566666666666666,161.0,1
12920,2026-08-25,BCH,MKC,210,166.0,169.0,-3.0,212,29,0.8936170212765957,25,74.53333333333333,24.84733893557423,10.033333333333333,150.0,1
12920,2026-08-25,MKC,UJN,212,158.0,166.0,-8.0,217,51,0.902127659574468,23,65.66666666666667,24.84733893557423,10.5,150.0,1
12920,2026-08-25,DWX,INDB,223,162.0,162.0,0.0,229,65,0.948936170212766,12,65.73333333333333,24.84733893557423,12.533333333333333,130.0,1
12951,2026-08-25,BVI,ST,18,16.0,16.0,0.0,59,143,0.08411214953271028,196,12.266666666666667,8.883495145631068,17.366666666666667,4.0,1
12951,2026-08-25,ST,BRC,59,9.0,16.0,-7.0,83,83,0.2757009345794392,155,9.466666666666667,8.883495145631068,19.8,12.0,1
12951,2026-08-25,BRC,RTM,83,20.0,9.0,11.0,119,199,0.3878504672897196,131,15.066666666666666,8.883495145631068,21.266666666666666,12.0,1
12951,2026-08-25,RTM,NAD,119,18.0,20.0,-2.0,124,43,0.5560747663551402,95,7.8,8.883495145631068,0.4666666666666667,12.0,1
12951,2026-08-25,NAD,KOTA,124,17.0,18.0,-1.0,151,127,0.5794392523364486,90,5.4,8.883495145631068,1.1666666666666667,19.0,1
12919,2026-08-26,INDB,DWX,7,11.0,6.0,5.0,13,46,0.029914529914529916,227,4.0,114.63283582089552,12.25,4.0,2
12919,2026-08-26,DWX,UJN,13,9.0,11.0,-2.0,19,54,0.05555555555555555,221,6.571428571428571,114.63283582089552,12.883333333333333,-10.0,2
12919,2026-08-26,MKC,BCH,24,9.0,9.0,0.0,26,16,0.10256410256410256,210,9.857142857142858,114.63283582089552,14.6,9.0,2
12919,2026-08-26,BCH,AKD,26,9.0,9.0,0.0,30,28,0.1111111111111111,208,12.571428571428571,114.63283582089552,14.883333333333333,3.0,2
12919,2026-08-26,AKD,SJP,30,7.0,9.0,-2.0,32,13,0.1282051282051282,204,7.142857142857143,114.63283582089552,15.333333333333334,4.0,2
12919,2026-08-26,SJP,KPP,32,8.0,7.0,1.0,34,15,0.13675213675213677,202,8.571428571428571,114.63283582089552,15.566666666666666,2.0,2
12919,2026-08-26,KPP,SEH,34,8.0,8.0,0.0,38,23,0.1452991452991453,200,6.428571428571429,114.63283582089552,15.8,10.0,2
12919,2026-08-26,SEH,SHRN,38,23.0,8.0,15.0,42,43,0.1623931623931624,196,10.142857142857142,114.63283582089552,16.183333333333334,17.0,2
12919,2026-08-26,SHRN,BPL,42,23.0,23.0,0.0,43,27,0.1794871794871795,192,4.0,114.63283582089552,16.916666666666668,37.0,2
12919,2026-08-26,NSZ,BHS,44,139.0,139.0,0.0,50,23,0.18803418803418803,190,41.857142857142854,114.63283582089552,17.733333333333334,156.0,2
12919,2026-08-26,BHS,BAQ,50,160.0,139.0,21.0,55,26,0.21367521367521367,184,77.85714285714286,114.63283582089552,18.116666666666667,170.0,2
12919,2026-08-26,BAQ,BINA,55,173.0,160.0,13.0,61,59,0.23504273504273504,179,96.85714285714286,114.63283582089552,18.55,176.0,2
12919,2026-08-26,BINA,LAR,61,193.0,173.0,20.0,68,44,0.2606837606837607,173,84.42857142857143,114.63283582089552,19.583333333333332,203.0,2
12919,2026-08-26,LAR,BAB,68,206.0,193.0,13.0,77,40,0.2905982905982906,166,107.0,114.63283582089552,20.266666666666666,202.0,2
12919,2026-08-26,BAB,VGLJ,77,207.0,206.0,1.0,80,36,0.32905982905982906,157,106.42857142857143,114.63283582089552,20.933333333333334,228.0,2
12919,2026-08-26,VGLJ,DAA,80,235.0,207.0,28.0,82,29,0.3418803418803419,154,101.0,114.63283582089552,21.633333333333333,236.0,2
12919,2026-08-26,DAA,DBA,82,240.0,235.0,5.0,85,23,0.3504273504273504,152,103.57142857142857,114.63283582089552,22.016666666666666,234.0,2
12919,2026-08-26,DBA,GWL,85,241.0,240.0,1.0,91,32,0.36324786324786323,149,110.14285714285714,114.63283582089552,22.4,237.0,2
12919,2026-08-26,GWL,MRA,91,246.0,241.0,5.0,97,31,0.3888888888888889,143,132.85714285714286,114.63283582089552,22.933333333333334,238.0,2
12919,2026-08-26,MRA,DHO,97,242.0,246.0,-4.0,101,43,0.41452991452991456,137,135.14285714285714,114.63283582089552,23.45,221.0,2
12919,2026-08-26,DHO,AGC,101,226.0,242.0,-16.0,105,32,0.43162393162393164,133,120.57142857142857,114.63283582089552,0.16666666666666666,233.0,2
12919,2026-08-26,AGC,MTJ,105,241.0,226.0,15.0,113,43,0.44871794871794873,129,130.0,114.63283582089552,0.75,235.0,2
12919,2026-08-26,MTJ,KSV,113,242.0,241.0,1.0,118,29,0.4829059829059829,121,132.0,114.63283582089552,1.4166666666666667,244.0,2
12919,2026-08-26,KSV,PWL,118,253.0,242.0,11.0,123,66,0.5042735042735043,116,142.42857142857142,114.63283582089552,1.9,212.0,2
12919,2026-08-26,PWL,BVH,123,216.0,253.0,-37.0,125,18,0.5256410256410257,111,107.0,114.63283582089552,3.0,214.0,2
12919,2026-08-26,BVH,FDB,125,219.0,216.0,3.0,127,11,0.5341880341880342,109,110.42857142857143,114.63283582089552,3.3,220.0,2
12919,2026-08-26,FDB,NZM,127,224.0,219.0,5.0,131,21,0.5427350427350427,107,122.28571428571429,114.63283582089552,3.4833333333333334,240.0,2
12919,2026-08-26,NZM,NDLS,131,246.0,224.0,22.0,135,27,0.5598290598290598,103,139.28571428571428,114.63283582089552,3.8333333333333335,247.0,2
12919,2026-08-26,NDLS,SNP,135,250.0,246.0,4.0,146,55,0.5769230769230769,99,137.0,114.63283582089552,4.5,259.0,2
12919,2026-08-26,SNP,PNP,146,262.0,250.0,12.0,152,30,0.6239316239316239,88,157.42857142857142,114.63283582089552,5.2,272.0,2
12919,2026-08-26,PNP,KUN,152,276.0,262.0,14.0,157,24,0.6495726495726496,82,188.0,114.63283582089552,5.7,277.0,2
12919,2026-08-26,KUN,KKDE,157,280.0,276.0,4.0,162,26,0.6709401709401709,77,190.85714285714286,114.63283582089552,6.1,274.0,2
12919,2026-08-26,KKDE,UMB,162,278.0,280.0,-2.0,168,60,0.6923076923076923,72,192.14285714285714,114.63283582089552,6.533333333333333,250.0,2
12919,2026-08-26,SIR,KNN,174,266.0,266.0,0.0,176,17,0.7435897435897436,60,205.42857142857142,114.63283582089552,8.166666666666666,263.0,2
12919,2026-08-26,KNN,LDH,176,264.0,266.0,-2.0,183,75,0.7521367521367521,58,205.0,114.63283582089552,8.45,223.0,2
12919,2026-08-26,LDH,JRC,183,229.0,264.0,-35.0,190,53,0.782051282051282,51,166.57142857142858,114.63283582089552,9.833333333333334,228.0,2
12919,2026-08-26,JRC,DZA,190,235.0,229.0,6.0,203,68,0.811965811965812,44,178.0,114.63283582089552,10.6,209.0,2
12919,2026-08-26,DZA,MEX,203,213.0,235.0,-22.0,206,17,0.8675213675213675,31,163.85714285714286,114.63283582089552,11.716666666666667,210.0,2
12919,2026-08-26,MEX,PTKC,206,214.0,213.0,1.0,213,29,0.8803418803418803,28,164.57142857142858,114.63283582089552,12.0,220.0,2
12919,2026-08-26,PTKC,MSKT,213,222.0,214.0,8.0,217,41,0.9102564102564102,21,172.42857142857142,114.63283582089552,12.5,211.0,2
12919,2026-08-26,MSKT,JAT,217,218.0,222.0,-4.0,227,82,0.9273504273504274,17,167.0,114.63283582089552,13.166666666666666,287.0,2
12919,2026-08-26,JAT,RMJK,227,288.0,218.0,70.0,231,49,0.9700854700854701,7,181.14285714285714,114.63283582089552,14.583333333333334,302.0,2
12919,2026-08-26,CRWL,SVDK,233,319.0,319.0,0.0,234,32,0.9957264957264957,1,213.28571428571428,114.63283582089552,16.0,306.0,2
12920,2026-08-26,CRWL,MCTM,2,9.0,7.0,2.0,3,19,0.00851063829787234,233,8.125,26.415243101182654,8.85,-2.0,2
12920,2026-08-26,MCTM,RMJK,3,8.0,9.0,-1.0,4,16,0.01276595744680851,232,2.3125,26.415243101182654,9.166666666666666,3.0,2
12920,2026-08-26,RMJK,JAT,4,5.0,8.0,-3.0,8,56,0.01702127659574468,231,8.125,26.415243101182654,9.433333333333334,5.0,2
12920,2026-08-26,JAT,MSKT,8,9.0,5.0,4.0,18,75,0.03404255319148936,227,11.125,26.415243101182654,10.5,6.0,2
12920,2026-08-26,MSKT,PTKC,18,10.0,9.0,1.0,22,40,0.07659574468085106,217,7.1875,26.415243101182654,11.616666666666667,3.0,2
12920,2026-08-26,PTKC,MEX,22,7.0,10.0,-3.0,29,36,0.09361702127659574,213,4.8125,26.415243101182654,12.3,4.0,2
12920,2026-08-26,MEX,DZA,29,10.0,7.0,3.0,32,17,0.12340425531914893,206,8.9375,26.415243101182654,12.883333333333333,7.0,2
12920,2026-08-26,DZA,JRC,32,11.0,10.0,1.0,45,67,0.13617021276595745,203,10.5625,26.415243101182654,13.166666666666666,-6.0,2
12920,2026-08-26,JRC,LDH,45,3.0,11.0,-8.0,52,50,0.19148936170212766,190,2.3125,26.415243101182654,14.3,-2.0,2
12920,2026-08-26,LDH,KNN,52,4.0,3.0,1.0,59,53,0.22127659574468084,183,-0.3125,26.415243101182654,15.25,-9.0,2
12920,2026-08-26,KNN,SIR,59,4.0,4.0,0.0,61,16,0.251063829787234,176,-4.9375,26.415243101182654,16.0,-1.0,2
12920,2026-08-26,SIR,UMB,61,4.0,4.0,0.0,67,46,0.25957446808510637,174,0.3125,26.415243101182654,16.266666666666666,4.0,2
12920,2026-08-26,UMB,KKDE,67,8.0,4.0,4.0,73,35,0.2851063829787234,168,0.5,26.415243101182654,17.083333333333332,3.0,2
12920,2026-08-26,KKDE,KUN,73,9.0,8.0,1.0,78,25,0.31063829787234043,162,9.666666666666666,26.415243101182654,17.616666666666667,5.0,2
12920,2026-08-26,KUN,PNP,78,8.0,9.0,-1.0,83,24,0.33191489361702126,157,11.375,26.415243101182654,18.033333333333335,11.0,2
12920,2026-08-26,PNP,SNP,83,17.0,8.0,9.0,90,30,0.35319148936170214,152,20.1875,26.415243101182654,18.433333333333334,15.0,2
12920,2026-08-26,SNP,SZM,90,19.0,17.0,2.0,99,42,0.3829787234042553,145,24.0,26.415243101182654,18.933333333333334,18.0,2
12920,2026-08-26,FDB,BVH,109,17.0,17.0,0.0,111,11,0.46382978723404256,126,12.3125,26.415243101182654,21.05,13.0,2
12920,2026-08-26,BVH,PWL,111,17.0,17.0,0.0,113,28,0.4723404255319149,124,12.375,26.415243101182654,21.233333333333334,7.0,2
12920,2026-08-26,PWL,KSV,113,19.0,17.0,2.0,118,28,0.4808510638297872,122,4.4375,26.415243101182654,21.7,14.0,2
12920,2026-08-26,KSV,MTJ,118,17.0,19.0,-2.0,123,30,0.502127659574468,117,7.5,26.415243101182654,22.166666666666668,16.0,2
12920,2026-08-26,MTJ,AGC,123,22.0,17.0,5.0,131,37,0.5234042553191489,112,13.5625,26.415243101182654,22.666666666666668,23.0,2
12920,2026-08-26,AGC,DHO,131,33.0,22.0,11.0,135,58,0.5574468085106383,104,24.8125,26.415243101182654,23.333333333333332,15.0,2
12920,2026-08-26,DHO,MRA,135,17.0,33.0,-16.0,139,37,0.574468085106383,100,14.625,26.415243101182654,0.25,-1.0,2
12920,2026-08-26,MRA,GWL,139,8.0,17.0,-9.0,145,30,0.5914893617021276,96,6.6875,26.415243101182654,0.8666666666666667,8.0,2
12920,2026-08-26,GWL,DBA,145,14.0,8.0,6.0,151,42,0.6170212765957447,90,17.9375,26.415243101182654,1.3666666666666667,8.0,2
12920,2026-08-26,DBA,DAA,151,11.0,14.0,-3.0,154,26,0.6425531914893617,84,15.875,26.415243101182654,2.066666666666667,9.0,2
12920,2026-08-26,DAA,VGLJ,154,14.0,11.0,3.0,156,37,0.6553191489361702,81,21.125,26.415243101182654,2.5,7.0,2
12920,2026-08-26,VGLJ,BAB,156,13.0,14.0,-1.0,159,32,0.6638297872340425,79,16.3125,26.415243101182654,3.216666666666667,11.0,2
12920,2026-08-26,BAB,LAR,159,18.0,13.0,5.0,168,44,0.676595744680851,76,22.5625,26.415243101182654,3.65,20.0,2
12920,2026-08-26,LAR,BINA,168,25.0,18.0,7.0,175,69,0.7148936170212766,67,39.5,26.415243101182654,4.383333333333334,6.0,2
12920,2026-08-26,BINA,BAQ,175,14.0,25.0,-11.0,181,36,0.7446808510638298,60,25.0625,26.415243101182654,5.583333333333333,15.0,2
12920,2026-08-26,BAQ,BHS,181,20.0,14.0,6.0,186,27,0.7702127659574468,54,32.25,26.415243101182654,6.133333333333334,20.0,2
12920,2026-08-26,BHS,NSZ,186,24.0,20.0,4.0,192,57,0.7914893617021277,49,41.875,26.415243101182654,6.583333333333333,28.0,2
12920,2026-08-26,SEH,KPP,198,62.0,62.0,0.0,202,27,0.8425531914893617,37,79.25,26.415243101182654,8.65,55.0,2
12920,2026-08-26,KPP,SJP,202,58.0,62.0,-4.0,204,13,0.8595744680851064,33,81.25,26.415243101182654,9.1,55.0,2
12920,2026-08-26,SJP,AKD,204,59.0,58.0,1.0,206,15,0.8680851063829788,31,82.1875,26.415243101182654,9.333333333333334,54.0,2
12920,2026-08-26,AKD,BCH,206,58.0,59.0,-1.0,210,27,0.8765957446808511,29,81.0625,26.415243101182654,9.566666666666666,51.0,2
12920,2026-08-26,BCH,MKC,210,58.0,58.0,0.0,212,29,0.8936170212765957,25,79.9375,26.415243101182654,10.033333333333333,44.0,2
12920,2026-08-26,MKC,UJN,212,54.0,58.0,-4.0,217,51,0.902127659574468,23,70.9375,26.415243101182654,10.5,74.0,2
12920,2026-08-26,DWX,INDB,223,58.0,58.0,0.0,229,65,0.948936170212766,12,71.5625,26.415243101182654,12.533333333333333,30.0,2
12920,2026-08-26,INDB,DADN,229,34.0,58.0,-24.0,235,50,0.9744680851063829,6,50.125,26.415243101182654,13.75,11.0,2
12951,2026-08-26,BVI,ST,18,17.0,17.0,0.0,59,143,0.08411214953271028,196,12.25,8.963636363636363,17.366666666666667,4.0,2
12951,2026-08-26,ST,BRC,59,7.0,17.0,-10.0,83,83,0.2757009345794392,155,9.125,8.963636363636363,19.8,11.0,2
12951,2026-08-26,BRC,RTM,83,14.0,7.0,7.0,119,199,0.3878504672897196,131,14.875,8.963636363636363,21.266666666666666,1.0,2
12951,2026-08-26,RTM,NAD,119,8.0,14.0,-6.0,124,43,0.5560747663551402,95,8.0625,8.963636363636363,0.4666666666666667,1.0,2
12951,2026-08-26,NAD,KOTA,124,6.0,8.0,-2.0,151,127,0.5794392523364486,90,5.8125,8.963636363636363,1.1666666666666667,8.0,2
12919,2026-08-27,INDB,DWX,7,12.0,5.0,7.0,13,46,0.029914529914529916,227,5.25,122.91644908616188,12.25,6.0,3
12919,2026-08-27,DWX,UJN,13,10.0,12.0,-2.0,19,54,0.05555555555555555,221,6.25,122.91644908616188,12.883333333333333,7.0,3
12919,2026-08-27,MKC,BCH,24,11.0,11.0,0.0,26,16,0.10256410256410256,210,9.0,122.91644908616188,14.6,8.0,3
12919,2026-08-27,BCH,AKD,26,11.0,11.0,0.0,30,28,0.1111111111111111,208,12.125,122.91644908616188,14.883333333333333,5.0,3
12919,2026-08-27,AKD,SJP,30,8.0,11.0,-3.0,32,13,0.1282051282051282,204,6.625,122.91644908616188,15.333333333333334,8.0,3
12919,2026-08-27,SJP,KPP,32,13.0,8.0,5.0,34,15,0.13675213675213677,202,8.0,122.91644908616188,15.566666666666666,8.0,3
12919,2026-08-27,KPP,SEH,34,14.0,13.0,1.0,38,23,0.1452991452991453,200,5.875,122.91644908616188,15.8,11.0,3
12919,2026-08-27,SEH,SHRN,38,19.0,14.0,5.0,42,43,0.1623931623931624,196,10.125,122.91644908616188,16.183333333333334,0.0,3
12919,2026-08-27,SHRN,BPL,42,14.0,19.0,-5.0,43,27,0.1794871794871795,192,5.625,122.91644908616188,16.916666666666668,81.0,3
12919,2026-08-27,NSZ,BHS,44,163.0,163.0,0.0,50,23,0.18803418803418803,190,44.875,122.91644908616188,17.733333333333334,199.0,3
12919,2026-08-27,BHS,BAQ,50,204.0,163.0,41.0,55,26,0.21367521367521367,184,87.625,122.91644908616188,18.116666666666667,209.0,3
12919,2026-08-27,BAQ,BINA,55,214.0,204.0,10.0,61,59,0.23504273504273504,179,106.0,122.91644908616188,18.55,196.0,3
12919,2026-08-27,BINA,LAR,61,201.0,214.0,-13.0,68,44,0.2606837606837607,173,95.875,122.91644908616188,19.583333333333332,211.0,3
12919,2026-08-27,LAR,BAB,68,217.0,201.0,16.0,77,40,0.2905982905982906,166,120.71428571428571,122.91644908616188,20.266666666666666,217.0,3
12919,2026-08-27,BAB,VGLJ,77,219.0,217.0,2.0,80,36,0.32905982905982906,157,118.375,122.91644908616188,20.933333333333334,207.0,3
12919,2026-08-27,VGLJ,DAA,80,213.0,219.0,-6.0,82,29,0.3418803418803419,154,116.875,122.91644908616188,21.633333333333333,213.0,3
12919,2026-08-27,DAA,DBA,82,221.0,213.0,8.0,85,23,0.3504273504273504,152,120.125,122.91644908616188,22.016666666666666,218.0,3
12919,2026-08-27,DBA,GWL,85,223.0,221.0,2.0,91,32,0.36324786324786323,149,125.625,122.91644908616188,22.4,221.0,3
12919,2026-08-27,GWL,MRA,91,225.0,223.0,2.0,97,31,0.3888888888888889,143,145.875,122.91644908616188,22.933333333333334,218.0,3
12919,2026-08-27,MRA,DHO,97,222.0,225.0,-3.0,101,43,0.41452991452991456,137,148.0,122.91644908616188,23.45,201.0,3
12919,2026-08-27,DHO,AGC,101,205.0,222.0,-17.0,105,32,0.43162393162393164,133,133.125,122.91644908616188,0.16666666666666666,230.0,3
12919,2026-08-27,AGC,MTJ,105,239.0,205.0,34.0,113,43,0.44871794871794873,129,142.875,122.91644908616188,0.75,235.0,3
12919,2026-08-27,MTJ,KSV,113,238.0,239.0,-1.0,118,29,0.4829059829059829,121,144.875,122.91644908616188,1.4166666666666667,239.0,3
12919,2026-08-27,KSV,PWL,118,246.0,238.0,8.0,123,66,0.5042735042735043,116,155.125,122.91644908616188,1.9,204.0,3
12919,2026-08-27,PWL,BVH,123,211.0,246.0,-35.0,125,18,0.5256410256410257,111,120.125,122.91644908616188,3.0,209.0,3
12919,2026-08-27,FDB,NZM,127,226.0,226.0,0.0,131,21,0.5427350427350427,107,134.5,122.91644908616188,3.4833333333333334,227.0,3
12919,2026-08-27,NZM,NDLS,131,231.0,226.0,5.0,135,27,0.5598290598290598,103,151.875,122.91644908616188,3.8333333333333335,225.0,3
12919,2026-08-27,NDLS,SNP,135,240.0,231.0,9.0,146,55,0.5769230769230769,99,150.75,122.91644908616188,4.5,258.0,3
12919,2026-08-27,SNP,PNP,146,260.0,240.0,20.0,152,30,0.6239316239316239,88,170.125,122.91644908616188,5.2,291.0,3
12919,2026-08-27,PNP,KUN,152,290.0,260.0,30.0,157,24,0.6495726495726496,82,198.5,122.91644908616188,5.7,287.0,3
12919,2026-08-27,KUN,KKDE,157,290.0,290.0,0.0,162,26,0.6709401709401709,77,201.625,122.91644908616188,6.1,283.0,3
12919,2026-08-27,KKDE,UMB,162,288.0,290.0,-2.0,168,60,0.6923076923076923,72,202.375,122.91644908616188,6.533333333333333,269.0,3
12919,2026-08-27,UMB,SIR,168,286.0,288.0,-2.0,174,38,0.717948717948718,66,198.625,122.91644908616188,7.583333333333333,302.0,3
12919,2026-08-27,SIR,KNN,174,306.0,286.0,20.0,176,17,0.7435897435897436,60,212.875,122.91644908616188,8.166666666666666,311.0,3
12919,2026-08-27,KNN,LDH,176,315.0,306.0,9.0,183,75,0.7521367521367521,58,212.25,122.91644908616188,8.45,277.0,3
12919,2026-08-27,LDH,JRC,183,281.0,315.0,-34.0,190,53,0.782051282051282,51,173.625,122.91644908616188,9.833333333333334,280.0,3
12919,2026-08-27,JRC,DZA,190,285.0,281.0,4.0,203,68,0.811965811965812,44,184.25,122.91644908616188,10.6,264.0,3
12919,2026-08-27,DZA,MEX,203,267.0,285.0,-18.0,206,17,0.8675213675213675,31,169.5,122.91644908616188,11.716666666666667,266.0,3
12919,2026-08-27,MEX,PTKC,206,269.0,267.0,2.0,213,29,0.8803418803418803,28,170.25,122.91644908616188,12.0,271.0,3
12919,2026-08-27,PTKC,MSKT,213,274.0,269.0,5.0,217,41,0.9102564102564102,21,178.375,122.91644908616188,12.5,264.0,3
12919,2026-08-27,MSKT,JAT,217,270.0,274.0,-4.0,227,82,0.9273504273504274,17,172.5,122.91644908616188,13.166666666666666,277.0,3
12919,2026-08-27,JAT,RMJK,227,280.0,270.0,10.0,231,49,0.9700854700854701,7,194.375,122.91644908616188,14.583333333333334,281.0,3
12919,2026-08-27,CRWL,SVDK,233,287.0,287.0,0.0,234,32,0.9957264957264957,1,225.875,122.91644908616188,16.0,275.0,3
12920,2026-08-27,CRWL,MCTM,2,16.0,11.0,5.0,3,19,0.00851063829787234,233,8.235294117647058,25.860321384425216,8.85,5.0,3
12920,2026-08-27,MCTM,RMJK,3,16.0,16.0,0.0,4,16,0.01276595744680851,232,2.0588235294117645,25.860321384425216,9.166666666666666,11.0,3
12920,2026-08-27,RMJK,JAT,4,15.0,16.0,-1.0,8,56,0.01702127659574468,231,7.823529411764706,25.860321384425216,9.433333333333334,5.0,3
12920,2026-08-27,JAT,MSKT,8,9.0,15.0,-6.0,18,75,0.03404255319148936,227,10.764705882352942,25.860321384425216,10.5,-4.0,3
12920,2026-08-27,MSKT,PTKC,18,6.0,9.0,-3.0,22,40,0.07659574468085106,217,7.117647058823529,25.860321384425216,11.616666666666667,4.0,3
12920,2026-08-27,PTKC,MEX,22,6.0,6.0,0.0,29,36,0.09361702127659574,213,4.705882352941177,25.860321384425216,12.3,3.0,3
12920,2026-08-27,MEX,DZA,29,8.0,6.0,2.0,32,17,0.12340425531914893,206,8.647058823529411,25.860321384425216,12.883333333333333,4.0,3
12920,2026-08-27,DZA,JRC,32,7.0,8.0,-1.0,45,67,0.13617021276595745,203,10.352941176470589,25.860321384425216,13.166666666666666,11.0,3
12920,2026-08-27,JRC,LDH,45,13.0,7.0,6.0,52,50,0.19148936170212766,190,1.8235294117647058,25.860321384425216,14.3,2.0,3
12920,2026-08-27,LDH,KNN,52,6.0,13.0,-7.0,59,53,0.22127659574468084,183,-0.4117647058823529,25.860321384425216,15.25,-6.0,3
12920,2026-08-27,KNN,SIR,59,3.0,6.0,-3.0,61,16,0.251063829787234,176,-5.176470588235294,25.860321384425216,16.0,-2.0,3
12920,2026-08-27,SIR,UMB,61,3.0,3.0,0.0,67,46,0.25957446808510637,174,0.23529411764705882,25.860321384425216,16.266666666666666,1.0,3
12920,2026-08-27,UMB,KKDE,67,7.0,3.0,4.0,73,35,0.2851063829787234,168,0.7058823529411765,25.860321384425216,17.083333333333332,4.0,3
12920,2026-08-27,KKDE,KUN,73,9.0,7.0,2.0,78,25,0.31063829787234043,162,9.25,25.860321384425216,17.616666666666667,4.0,3
12920,2026-08-27,KUN,PNP,78,9.0,9.0,0.0,83,24,0.33191489361702126,157,11.0,25.860321384425216,18.033333333333335,11.0,3
12920,2026-08-27,PNP,SNP,83,16.0,9.0,7.0,90,30,0.35319148936170214,152,19.647058823529413,25.860321384425216,18.433333333333334,17.0,3
12920,2026-08-27,SNP,SZM,90,22.0,16.0,6.0,99,42,0.3829787234042553,145,23.470588235294116,25.860321384425216,18.933333333333334,10.0,3
12920,2026-08-27,FDB,BVH,109,18.0,18.0,0.0,111,11,0.46382978723404256,126,12.352941176470589,25.860321384425216,21.05,18.0,3
12920,2026-08-27,BVH,PWL,111,22.0,18.0,4.0,113,28,0.4723404255319149,124,12.411764705882353,25.860321384425216,21.233333333333334,8.0,3
12920,2026-08-27,PWL,KSV,113,12.0,22.0,-10.0,118,28,0.4808510638297872,122,4.588235294117647,25.860321384425216,21.7,12.0,3
12920,2026-08-27,KSV,MTJ,118,14.0,12.0,2.0,123,30,0.502127659574468,117,7.882352941176471,25.860321384425216,22.166666666666668,16.0,3
12920,2026-08-27,MTJ,AGC,123,24.0,14.0,10.0,131,37,0.5234042553191489,112,13.705882352941176,25.860321384425216,22.666666666666668,27.0,3
12920,2026-08-27,AGC,DHO,131,33.0,24.0,9.0,135,58,0.5574468085106383,104,24.705882352941178,25.860321384425216,23.333333333333332,15.0,3
12920,2026-08-27,DHO,MRA,135,15.0,33.0,-18.0,139,37,0.574468085106383,100,14.647058823529411,25.860321384425216,0.25,1.0,3
12920,2026-08-27,MRA,GWL,139,9.0,15.0,-6.0,145,30,0.5914893617021276,96,6.235294117647059,25.860321384425216,0.8666666666666667,7.0,3
12920,2026-08-27,GWL,DBA,145,12.0,9.0,3.0,151,42,0.6170212765957447,90,17.352941176470587,25.860321384425216,1.3666666666666667,4.0,3
12920,2026-08-27,DBA,DAA,151,11.0,12.0,-1.0,154,26,0.6425531914893617,84,15.411764705882353,25.860321384425216,2.066666666666667,8.0,3
12920,2026-08-27,DAA,VGLJ,154,14.0,11.0,3.0,156,37,0.6553191489361702,81,20.41176470588235,25.860321384425216,2.5,3.0,3
12920,2026-08-27,VGLJ,BAB,156,8.0,14.0,-6.0,159,32,0.6638297872340425,79,15.764705882352942,25.860321384425216,3.216666666666667,4.0,3
12920,2026-08-27,BAB,LAR,159,12.0,8.0,4.0,168,44,0.676595744680851,76,21.88235294117647,25.860321384425216,3.65,23.0,3
12920,2026-08-27,LAR,BINA,168,26.0,12.0,14.0,175,69,0.7148936170212766,67,38.35294117647059,25.860321384425216,4.383333333333334,6.0,3
12920,2026-08-27,BINA,BAQ,175,11.0,26.0,-15.0,181,36,0.7446808510638298,60,23.941176470588236,25.860321384425216,5.583333333333333,5.0,3
12920,2026-08-27,BAQ,BHS,181,11.0,11.0,0.0,186,27,0.7702127659574468,54,31.235294117647058,25.860321384425216,6.133333333333334,11.0,3
12920,2026-08-27,BHS,NSZ,186,14.0,11.0,3.0,192,57,0.7914893617021277,49,40.588235294117645,25.860321384425216,6.583333333333333,-1.0,3
12920,2026-08-27,SEH,KPP,198,39.0,39.0,0.0,202,27,0.8425531914893617,37,77.88235294117646,25.860321384425216,8.65,34.0,3
12920,2026-08-27,KPP,SJP,202,40.0,39.0,1.0,204,13,0.8595744680851064,33,79.70588235294117,25.860321384425216,9.1,37.0,3
12920,2026-08-27,SJP,AKD,204,41.0,40.0,1.0,206,15,0.8680851063829788,31,80.58823529411765,25.860321384425216,9.333333333333334,36.0,3
12920,2026-08-27,AKD,BCH,206,40.0,41.0,-1.0,210,27,0.8765957446808511,29,79.47058823529412,25.860321384425216,9.566666666666666,35.0,3
12920,2026-08-27,BCH,MKC,210,41.0,40.0,1.0,212,29,0.8936170212765957,25,78.23529411764706,25.860321384425216,10.033333333333333,29.0,3
12920,2026-08-27,MKC,UJN,212,35.0,41.0,-6.0,217,51,0.902127659574468,23,69.3529411764706,25.860321384425216,10.5,17.0,3
12920,2026-08-27,DWX,INDB,223,41.0,41.0,0.0,229,65,0.948936170212766,12,70.47058823529412,25.860321384425216,12.533333333333333,13.0,3
12951,2026-08-27,ST,BRC,59,4.0,4.0,0.0,83,83,0.2757009345794392,155,8.823529411764707,8.827586206896552,19.8,10.0,3
12951,2026-08-27,BRC,RTM,83,17.0,4.0,13.0,119,199,0.3878504672897196,131,14.647058823529411,8.827586206896552,21.266666666666666,9.0,3
12951,2026-08-27,RTM,NAD,119,16.0,17.0,-1.0,124,43,0.5560747663551402,95,7.647058823529412,8.827586206896552,0.4666666666666667,8.0,3
12951,2026-08-27,NAD,KOTA,124,13.0,16.0,-3.0,151,127,0.5794392523364486,90,5.529411764705882,8.827586206896552,1.1666666666666667,10.0,3
12919,2026-08-28,INDB,DWX,7,15.0,4.0,11.0,13,46,0.029914529914529916,227,5.333333333333333,130.43155452436196,12.25,10.0,4
12919,2026-08-28,DWX,UJN,13,14.0,15.0,-1.0,19,54,0.05555555555555555,221,6.222222222222222,130.43155452436196,12.883333333333333,-7.0,4
12919,2026-08-28,MKC,BCH,24,14.0,14.0,0.0,26,16,0.10256410256410256,210,8.666666666666666,130.43155452436196,14.6,14.0,4
12919,2026-08-28,BCH,AKD,26,15.0,14.0,1.0,30,28,0.1111111111111111,208,11.666666666666666,130.43155452436196,14.883333333333333,9.0,4
12919,2026-08-28,AKD,SJP,30,12.0,15.0,-3.0,32,13,0.1282051282051282,204,6.444444444444445,130.43155452436196,15.333333333333334,10.0,4
12919,2026-08-28,SJP,KPP,32,15.0,12.0,3.0,34,15,0.13675213675213677,202,8.0,130.43155452436196,15.566666666666666,9.0,4
12919,2026-08-28,KPP,SEH,34,13.0,15.0,-2.0,38,23,0.1452991452991453,200,6.111111111111111,130.43155452436196,15.8,10.0,4
12919,2026-08-28,SEH,SHRN,38,17.0,13.0,4.0,42,43,0.1623931623931624,196,10.222222222222221,130.43155452436196,16.183333333333334,-3.0,4
12919,2026-08-28,SHRN,BPL,42,4.0,17.0,-13.0,43,27,0.1794871794871795,192,5.0,130.43155452436196,16.916666666666668,10.0,4
12919,2026-08-28,NSZ,BHS,44,49.0,49.0,0.0,50,23,0.18803418803418803,190,56.77777777777778,130.43155452436196,17.733333333333334,64.0,4
12919,2026-08-28,BHS,BAQ,50,70.0,49.0,21.0,55,26,0.21367521367521367,184,100.0,130.43155452436196,18.116666666666667,76.0,4
12919,2026-08-28,BAQ,BINA,55,79.0,70.0,9.0,61,59,0.23504273504273504,179,117.44444444444444,130.43155452436196,18.55,60.0,4
12919,2026-08-28,BINA,LAR,61,66.0,79.0,-13.0,68,44,0.2606837606837607,173,107.0,130.43155452436196,19.583333333333332,68.0,4
12919,2026-08-28,LAR,BAB,68,73.0,66.0,7.0,77,40,0.2905982905982906,166,132.0,130.43155452436196,20.266666666666666,68.0,4
12919,2026-08-28,BAB,VGLJ,77,72.0,73.0,-1.0,80,36,0.32905982905982906,157,129.33333333333334,130.43155452436196,20.933333333333334,62.0,4
12919,2026-08-28,VGLJ,DAA,80,67.0,72.0,-5.0,82,29,0.3418803418803419,154,126.88888888888889,130.43155452436196,21.633333333333333,67.0,4
12919,2026-08-28,DAA,DBA,82,71.0,67.0,4.0,85,23,0.3504273504273504,152,130.44444444444446,130.43155452436196,22.016666666666666,67.0,4
12919,2026-08-28,DBA,GWL,85,71.0,71.0,0.0,91,32,0.36324786324786323,149,135.88888888888889,130.43155452436196,22.4,69.0,4
12919,2026-08-28,GWL,MRA,91,73.0,71.0,2.0,97,31,0.3888888888888889,143,154.22222222222223,130.43155452436196,22.933333333333334,66.0,4
12919,2026-08-28,MRA,DHO,97,69.0,73.0,-4.0,101,43,0.41452991452991456,137,155.77777777777777,130.43155452436196,23.45,48.0,4
12919,2026-08-28,DHO,AGC,101,52.0,69.0,-17.0,105,32,0.43162393162393164,133,140.66666666666666,130.43155452436196,0.16666666666666666,55.0,4
12919,2026-08-28,AGC,MTJ,105,62.0,52.0,10.0,113,43,0.44871794871794873,129,152.55555555555554,130.43155452436196,0.75,65.0,4
12919,2026-08-28,MTJ,KSV,113,71.0,62.0,9.0,118,29,0.4829059829059829,121,154.88888888888889,130.43155452436196,1.4166666666666667,70.0,4
12919,2026-08-28,KSV,PWL,118,76.0,71.0,5.0,123,66,0.5042735042735043,116,164.44444444444446,130.43155452436196,1.9,34.0,4
12919,2026-08-28,PWL,BVH,123,38.0,76.0,-38.0,125,18,0.5256410256410257,111,129.44444444444446,130.43155452436196,3.0,38.0,4
12919,2026-08-28,BVH,FDB,125,45.0,38.0,7.0,127,11,0.5341880341880342,109,132.88888888888889,130.43155452436196,3.3,50.0,4
12919,2026-08-28,FDB,NZM,127,53.0,45.0,8.0,131,21,0.5427350427350427,107,144.22222222222223,130.43155452436196,3.4833333333333334,68.0,4
12919,2026-08-28,NZM,NDLS,131,74.0,53.0,21.0,135,27,0.5598290598290598,103,160.22222222222223,130.43155452436196,3.8333333333333335,64.0,4
12919,2026-08-28,NDLS,SNP,135,71.0,74.0,-3.0,146,55,0.5769230769230769,99,159.0,130.43155452436196,4.5,111.0,4
12919,2026-08-28,SNP,PNP,146,115.0,71.0,44.0,152,30,0.6239316239316239,88,179.88888888888889,130.43155452436196,5.2,159.0,4
12919,2026-08-28,PNP,KUN,152,162.0,115.0,47.0,157,24,0.6495726495726496,82,208.77777777777777,130.43155452436196,5.7,176.0,4
12919,2026-08-28,KUN,KKDE,157,179.0,162.0,17.0,162,26,0.6709401709401709,77,211.11111111111111,130.43155452436196,6.1,196.0,4
12919,2026-08-28,KKDE,UMB,162,202.0,179.0,23.0,168,60,0.6923076923076923,72,211.33333333333334,130.43155452436196,6.533333333333333,195.0,4
12919,2026-08-28,UMB,SIR,168,205.0,202.0,3.0,174,38,0.717948717948718,66,206.44444444444446,130.43155452436196,7.583333333333333,220.0,4
12919,2026-08-28,SIR,KNN,174,223.0,205.0,18.0,176,17,0.7435897435897436,60,222.77777777777777,130.43155452436196,8.166666666666666,219.0,4
12919,2026-08-28,KNN,LDH,176,222.0,223.0,-1.0,183,75,0.7521367521367521,58,223.22222222222223,130.43155452436196,8.45,177.0,4
12919,2026-08-28,LDH,JRC,183,187.0,222.0,-35.0,190,53,0.782051282051282,51,185.11111111111111,130.43155452436196,9.833333333333334,182.0,4
12919,2026-08-28,JRC,DZA,190,187.0,187.0,0.0,203,68,0.811965811965812,44,194.88888888888889,130.43155452436196,10.6,162.0,4
12919,2026-08-28,DZA,MEX,203,166.0,187.0,-21.0,206,17,0.8675213675213675,31,180.0,130.43155452436196,11.716666666666667,164.0,4
12919,2026-08-28,MEX,PTKC,206,169.0,166.0,3.0,213,29,0.8803418803418803,28,180.88888888888889,130.43155452436196,12.0,172.0,4
12919,2026-08-28,PTKC,MSKT,213,178.0,169.0,9.0,217,41,0.9102564102564102,21,188.66666666666666,130.43155452436196,12.5,169.0,4
12919,2026-08-28,MSKT,JAT,217,176.0,178.0,-2.0,227,82,0.9273504273504274,17,182.66666666666666,130.43155452436196,13.166666666666666,243.0,4
12919,2026-08-28,JAT,RMJK,227,265.0,176.0,89.0,231,49,0.9700854700854701,7,203.55555555555554,130.43155452436196,14.583333333333334,283.0,4
12919,2026-08-28,CRWL,SVDK,233,293.0,293.0,0.0,234,32,0.9957264957264957,1,232.33333333333334,130.43155452436196,16.0,281.0,4
12920,2026-08-28,CRWL,MCTM,2,23.0,18.0,5.0,3,19,0.00851063829787234,233,8.38888888888889,25.09228971962617,8.85,15.0,4
12920,2026-08-28,MCTM,RMJK,3,26.0,23.0,3.0,4,16,0.01276595744680851,232,2.2222222222222223,25.09228971962617,9.166666666666666,24.0,4
12920,2026-08-28,RMJK,JAT,4,23.0,26.0,-3.0,8,56,0.01702127659574468,231,8.0,25.09228971962617,9.433333333333334,20.0,4
12920,2026-08-28,JAT,MSKT,8,23.0,23.0,0.0,18,75,0.03404255319148936,227,10.444444444444445,25.09228971962617,10.5,12.0,4
12920,2026-08-28,MSKT,PTKC,18,18.0,23.0,-5.0,22,40,0.07659574468085106,217,6.5,25.09228971962617,11.616666666666667,17.0,4
12920,2026-08-28,PTKC,MEX,22,18.0,18.0,0.0,29,36,0.09361702127659574,213,4.666666666666667,25.09228971962617,12.3,20.0,4
12920,2026-08-28,MEX,DZA,29,25.0,18.0,7.0,32,17,0.12340425531914893,206,8.333333333333334,25.09228971962617,12.883333333333333,24.0,4
12920,2026-08-28,DZA,JRC,32,27.0,25.0,2.0,45,67,0.13617021276595745,203,10.0,25.09228971962617,13.166666666666666,12.0,4
12920,2026-08-28,JRC,LDH,45,15.0,27.0,-12.0,52,50,0.19148936170212766,190,2.3333333333333335,25.09228971962617,14.3,5.0,4
12920,2026-08-28,LDH,KNN,52,8.0,15.0,-7.0,59,53,0.22127659574468084,183,-0.2777777777777778,25.09228971962617,15.25,-2.0,4
12920,2026-08-28,KNN,SIR,59,3.0,8.0,-5.0,61,16,0.251063829787234,176,-5.222222222222222,25.09228971962617,16.0,-2.0,4
12920,2026-08-28,SIR,UMB,61,2.0,3.0,-1.0,67,46,0.25957446808510637,174,0.1111111111111111,25.09228971962617,16.266666666666666,-4.0,4
12920,2026-08-28,UMB,KKDE,67,4.0,2.0,2.0,73,35,0.2851063829787234,168,0.7222222222222222,25.09228971962617,17.083333333333332,4.0,4
12920,2026-08-28,KKDE,KUN,73,8.0,4.0,4.0,78,25,0.31063829787234043,162,8.941176470588236,25.09228971962617,17.616666666666667,3.0,4
12920,2026-08-28,KUN,PNP,78,8.0,8.0,0.0,83,24,0.33191489361702126,157,10.61111111111111,25.09228971962617,18.033333333333335,9.0,4
12920,2026-08-28,PNP,SNP,83,14.0,8.0,6.0,90,30,0.35319148936170214,152,19.166666666666668,25.09228971962617,18.433333333333334,11.0,4
12920,2026-08-28,SNP,SZM,90,13.0,14.0,-1.0,99,42,0.3829787234042553,145,23.11111111111111,25.09228971962617,18.933333333333334,5.0,4
12920,2026-08-28,FDB,BVH,109,14.0,14.0,0.0,111,11,0.46382978723404256,126,12.666666666666666,25.09228971962617,21.05,11.0,4
12920,2026-08-28,BVH,PWL,111,13.0,14.0,-1.0,113,28,0.4723404255319149,124,12.722222222222221,25.09228971962617,21.233333333333334,-2.0,4
12920,2026-08-28,PWL,KSV,113,2.0,13.0,-11.0,118,28,0.4808510638297872,122,4.777777777777778,25.09228971962617,21.7,-2.0,4
12920,2026-08-28,KSV,MTJ,118,2.0,2.0,0.0,123,30,0.502127659574468,117,8.11111111111111,25.09228971962617,22.166666666666668,-1.0,4
12920,2026-08-28,MTJ,AGC,123,6.0,2.0,4.0,131,37,0.5234042553191489,112,13.833333333333334,25.09228971962617,22.666666666666668,13.0,4
12920,2026-08-28,AGC,DHO,131,17.0,6.0,11.0,135,58,0.5574468085106383,104,24.833333333333332,25.09228971962617,23.333333333333332,-3.0,4
12920,2026-08-28,DHO,MRA,135,2.0,17.0,-15.0,139,37,0.574468085106383,100,14.666666666666666,25.09228971962617,0.25,-12.0,4
12920,2026-08-28,MRA,GWL,139,3.0,2.0,1.0,145,30,0.5914893617021276,96,5.944444444444445,25.09228971962617,0.8666666666666667,4.0,4
12920,2026-08-28,GWL,DBA,145,10.0,3.0,7.0,151,42,0.6170212765957447,90,16.77777777777778,25.09228971962617,1.3666666666666667,3.0,4
12920,2026-08-28,DBA,DAA,151,8.0,10.0,-2.0,154,26,0.6425531914893617,84,14.777777777777779,25.09228971962617,2.066666666666667,3.0,4
12920,2026-08-28,DAA,VGLJ,154,8.0,8.0,0.0,156,37,0.6553191489361702,81,19.72222222222222,25.09228971962617,2.5,9.0,4
12920,2026-08-28,VGLJ,BAB,156,8.0,8.0,0.0,159,32,0.6638297872340425,79,15.055555555555555,25.09228971962617,3.216666666666667,10.0,4
12920,2026-08-28,BAB,LAR,159,18.0,8.0,10.0,168,44,0.676595744680851,76,20.88888888888889,25.09228971962617,3.65,21.0,4
12920,2026-08-28,LAR,BINA,168,26.0,18.0,8.0,175,69,0.7148936170212766,67,37.5,25.09228971962617,4.383333333333334,2.0,4
12920,2026-08-28,BINA,BAQ,175,7.0,26.0,-19.0,181,36,0.7446808510638298,60,22.944444444444443,25.09228971962617,5.583333333333333,1.0,4
12920,2026-08-28,BAQ,BHS,181,4.0,7.0,-3.0,186,27,0.7702127659574468,54,29.77777777777778,25.09228971962617,6.133333333333334,5.0,4
12920,2026-08-28,BHS,NSZ,186,9.0,4.0,5.0,192,57,0.7914893617021277,49,38.94444444444444,25.09228971962617,6.583333333333333,-2.0,4
12920,2026-08-28,SEH,KPP,198,45.0,45.0,0.0,202,27,0.8425531914893617,37,75.44444444444444,25.09228971962617,8.65,37.0,4
12920,2026-08-28,KPP,SJP,202,40.0,45.0,-5.0,204,13,0.8595744680851064,33,77.16666666666667,25.09228971962617,9.1,37.0,4
12920,2026-08-28,SJP,AKD,204,41.0,40.0,1.0,206,15,0.8680851063829788,31,78.16666666666667,25.09228971962617,9.333333333333334,36.0,4
12920,2026-08-28,AKD,BCH,206,38.0,41.0,-3.0,210,27,0.8765957446808511,29,77.05555555555556,25.09228971962617,9.566666666666666,37.0,4
12920,2026-08-28,BCH,MKC,210,42.0,38.0,4.0,212,29,0.8936170212765957,25,75.83333333333333,25.09228971962617,10.033333333333333,27.0,4
12920,2026-08-28,MKC,UJN,212,35.0,42.0,-7.0,217,51,0.902127659574468,23,67.11111111111111,25.09228971962617,10.5,14.0,4
12920,2026-08-28,DWX,INDB,223,30.0,30.0,0.0,229,65,0.948936170212766,12,68.66666666666667,25.09228971962617,12.533333333333333,-2.0,4
12920,2026-08-28,INDB,DADN,229,4.0,30.0,-26.0,235,50,0.9744680851063829,6,46.94444444444444,25.09228971962617,13.75,-6.0,4
12951,2026-08-28,BVI,ST,18,18.0,18.0,0.0,59,143,0.08411214953271028,196,12.222222222222221,8.764227642276422,17.366666666666667,12.0,4
12951,2026-08-28,ST,BRC,59,14.0,18.0,-4.0,83,83,0.2757009345794392,155,8.333333333333334,8.764227642276422,19.8,21.0,4
12951,2026-08-28,BRC,RTM,83,23.0,14.0,9.0,119,199,0.3878504672897196,131,14.38888888888889,8.764227642276422,21.266666666666666,9.0,4
12951,2026-08-28,RTM,NAD,119,15.0,23.0,-8.0,124,43,0.5560747663551402,95,7.722222222222222,8.764227642276422,0.4666666666666667,8.0,4
12951,2026-08-28,NAD,KOTA,124,13.0,15.0,-2.0,151,127,0.5794392523364486,90,5.666666666666667,8.764227642276422,1.1666666666666667,7.0,4
12919,2026-08-29,INDB,DWX,7,6.0,4.0,2.0,13,46,0.029914529914529916,227,5.1,127.07515657620041,12.25,0.0,5
12919,2026-08-29,DWX,UJN,13,4.0,6.0,-2.0,19,54,0.05555555555555555,221,6.6,127.07515657620041,12.883333333333333,13.0,5
12919,2026-08-29,MKC,BCH,24,4.0,4.0,0.0,26,16,0.10256410256410256,210,8.9,127.07515657620041,14.6,1.0,5
12919,2026-08-29,BCH,AKD,26,4.0,4.0,0.0,30,28,0.1111111111111111,208,11.9,127.07515657620041,14.883333333333333,0.0,5
12919,2026-08-29,AKD,SJP,30,3.0,4.0,-1.0,32,13,0.1282051282051282,204,6.7,127.07515657620041,15.333333333333334,-1.0,5
12919,2026-08-29,SJP,KPP,32,3.0,3.0,0.0,34,15,0.13675213675213677,202,8.2,127.07515657620041,15.566666666666666,-2.0,5
12919,2026-08-29,KPP,SEH,34,3.0,3.0,0.0,38,23,0.1452991452991453,200,6.4,127.07515657620041,15.8,-1.0,5
12919,2026-08-29,SEH,SHRN,38,8.0,3.0,5.0,42,43,0.1623931623931624,196,10.2,127.07515657620041,16.183333333333334,-10.0,5
12919,2026-08-29,SHRN,BPL,42,5.0,8.0,-3.0,43,27,0.1794871794871795,192,4.2,127.07515657620041,16.916666666666668,-1.0,5
12919,2026-08-29,NSZ,BHS,44,86.0,86.0,0.0,50,23,0.18803418803418803,190,53.3,127.07515657620041,17.733333333333334,105.0,5
12919,2026-08-29,BHS,BAQ,50,117.0,86.0,31.0,55,26,0.21367521367521367,184,96.4,127.07515657620041,18.116666666666667,115.0,5
12919,2026-08-29,BAQ,BINA,55,119.0,117.0,2.0,61,59,0.23504273504273504,179,113.3,127.07515657620041,18.55,104.0,5
12919,2026-08-29,BINA,LAR,61,112.0,119.0,-7.0,68,44,0.2606837606837607,173,102.3,127.07515657620041,19.583333333333332,127.0,5
12919,2026-08-29,LAR,BAB,68,131.0,112.0,19.0,77,40,0.2905982905982906,166,124.88888888888889,127.07515657620041,20.266666666666666,127.0,5
12919,2026-08-29,BAB,VGLJ,77,131.0,131.0,0.0,80,36,0.32905982905982906,157,123.2,127.07515657620041,20.933333333333334,114.0,5
12919,2026-08-29,VGLJ,DAA,80,121.0,131.0,-10.0,82,29,0.3418803418803419,154,120.4,127.07515657620041,21.633333333333333,121.0,5
12919,2026-08-29,DAA,DBA,82,133.0,121.0,12.0,85,23,0.3504273504273504,152,124.1,127.07515657620041,22.016666666666666,129.0,5
12919,2026-08-29,DBA,GWL,85,133.0,133.0,0.0,91,32,0.36324786324786323,149,129.0,127.07515657620041,22.4,130.0,5
12919,2026-08-29,GWL,MRA,91,134.0,133.0,1.0,97,31,0.3888888888888889,143,145.7,127.07515657620041,22.933333333333334,128.0,5
12919,2026-08-29,MRA,DHO,97,131.0,134.0,-3.0,101,43,0.41452991452991456,137,146.8,127.07515657620041,23.45,109.0,5
12919,2026-08-29,DHO,AGC,101,113.0,131.0,-18.0,105,32,0.43162393162393164,133,131.4,127.07515657620041,0.16666666666666666,119.0,5
12919,2026-08-29,AGC,MTJ,105,127.0,113.0,14.0,113,43,0.44871794871794873,129,142.8,127.07515657620041,0.75,122.0,5
12919,2026-08-29,MTJ,KSV,113,126.0,127.0,-1.0,118,29,0.4829059829059829,121,145.9,127.07515657620041,1.4166666666666667,122.0,5
12919,2026-08-29,KSV,PWL,118,129.0,126.0,3.0,123,66,0.5042735042735043,116,155.0,127.07515657620041,1.9,88.0,5
12919,2026-08-29,PWL,BVH,123,92.0,129.0,-37.0,125,18,0.5256410256410257,111,119.9,127.07515657620041,3.0,89.0,5
12919,2026-08-29,BVH,FDB,125,96.0,92.0,4.0,127,11,0.5341880341880342,109,123.4,127.07515657620041,3.3,99.0,5
12919,2026-08-29,FDB,NZM,127,103.0,96.0,7.0,131,21,0.5427350427350427,107,134.8,127.07515657620041,3.4833333333333334,111.0,5
12919,2026-08-29,NZM,NDLS,131,117.0,103.0,14.0,135,27,0.5598290598290598,103,151.0,127.07515657620041,3.8333333333333335,113.0,5
12919,2026-08-29,NDLS,SNP,135,123.0,117.0,6.0,146,55,0.5769230769230769,99,149.5,127.07515657620041,4.5,126.0,5
12919,2026-08-29,SNP,PNP,146,144.0,123.0,21.0,152,30,0.6239316239316239,88,173.0,127.07515657620041,5.2,232.0,5
12919,2026-08-29,PNP,KUN,152,236.0,144.0,92.0,157,24,0.6495726495726496,82,203.8,127.07515657620041,5.7,232.0,5
12919,2026-08-29,KUN,KKDE,157,235.0,236.0,-1.0,162,26,0.6709401709401709,77,207.6,127.07515657620041,6.1,229.0,5
12919,2026-08-29,KKDE,UMB,162,234.0,235.0,-1.0,168,60,0.6923076923076923,72,209.8,127.07515657620041,6.533333333333333,209.0,5
12919,2026-08-29,UMB,SIR,168,218.0,234.0,-16.0,174,38,0.717948717948718,66,205.3,127.07515657620041,7.583333333333333,226.0,5
12919,2026-08-29,SIR,KNN,174,230.0,218.0,12.0,176,17,0.7435897435897436,60,222.5,127.07515657620041,8.166666666666666,225.0,5
12919,2026-08-29,KNN,LDH,176,227.0,230.0,-3.0,183,75,0.7521367521367521,58,222.8,127.07515657620041,8.45,185.0,5
12919,2026-08-29,LDH,JRC,183,192.0,227.0,-35.0,190,53,0.782051282051282,51,184.3,127.07515657620041,9.833333333333334,191.0,5
12919,2026-08-29,JRC,DZA,190,198.0,192.0,6.0,203,68,0.811965811965812,44,193.6,127.07515657620041,10.6,171.0,5
12919,2026-08-29,DZA,MEX,203,176.0,198.0,-22.0,206,17,0.8675213675213675,31,178.2,127.07515657620041,11.716666666666667,174.0,5
12919,2026-08-29,MEX,PTKC,206,178.0,176.0,2.0,213,29,0.8803418803418803,28,179.2,127.07515657620041,12.0,180.0,5
12919,2026-08-29,PTKC,MSKT,213,184.0,178.0,6.0,217,41,0.9102564102564102,21,187.0,127.07515657620041,12.5,174.0,5
12919,2026-08-29,MSKT,JAT,217,179.0,184.0,-5.0,227,82,0.9273504273504274,17,181.3,127.07515657620041,13.166666666666666,216.0,5
12919,2026-08-29,JAT,RMJK,227,221.0,179.0,42.0,231,49,0.9700854700854701,7,207.5,127.07515657620041,14.583333333333334,242.0,5
12919,2026-08-29,CRWL,SVDK,233,284.0,284.0,0.0,234,32,0.9957264957264957,1,237.8,127.07515657620041,16.0,299.0,5
12920,2026-08-29,CRWL,MCTM,2,13.0,4.0,9.0,3,19,0.00851063829787234,233,9.105263157894736,24.317477876106196,8.85,2.0,5
12920,2026-08-29,MCTM,RMJK,3,11.0,13.0,-2.0,4,16,0.01276595744680851,232,2.8947368421052633,24.317477876106196,9.166666666666666,21.0,5
12920,2026-08-29,RMJK,JAT,4,29.0,11.0,18.0,8,56,0.01702127659574468,231,8.842105263157896,24.317477876106196,9.433333333333334,19.0,5
12920,2026-08-29,JAT,MSKT,8,25.0,29.0,-4.0,18,75,0.03404255319148936,227,10.947368421052632,24.317477876106196,10.5,11.0,5
12920,2026-08-29,MSKT,PTKC,18,17.0,25.0,-8.0,22,40,0.07659574468085106,217,6.7894736842105265,24.317477876106196,11.616666666666667,15.0,5
12920,2026-08-29,PTKC,MEX,22,15.0,17.0,-2.0,29,36,0.09361702127659574,213,5.315789473684211,24.317477876106196,12.3,18.0,5
12920,2026-08-29,MEX,DZA,29,23.0,15.0,8.0,32,17,0.12340425531914893,206,8.947368421052632,24.317477876106196,12.883333333333333,20.0,5
12920,2026-08-29,DZA,JRC,32,24.0,23.0,1.0,45,67,0.13617021276595745,203,10.736842105263158,24.317477876106196,13.166666666666666,4.0,5
12920,2026-08-29,JRC,LDH,45,8.0,24.0,-16.0,52,50,0.19148936170212766,190,2.8421052631578947,24.317477876106196,14.3,-6.0,5
12920,2026-08-29,LDH,KNN,52,4.0,8.0,-4.0,59,53,0.22127659574468084,183,0.0,24.317477876106196,15.25,3.0,5
12920,2026-08-29,KNN,SIR,59,7.0,4.0,3.0,61,16,0.251063829787234,176,-5.052631578947368,24.317477876106196,16.0,2.0,5
12920,2026-08-29,SIR,UMB,61,7.0,7.0,0.0,67,46,0.25957446808510637,174,0.0,24.317477876106196,16.266666666666666,3.0,5
12920,2026-08-29,UMB,KKDE,67,12.0,7.0,5.0,73,35,0.2851063829787234,168,0.47368421052631576,24.317477876106196,17.083333333333332,8.0,5
12920,2026-08-29,KKDE,KUN,73,12.0,12.0,0.0,78,25,0.31063829787234043,162,8.666666666666666,24.317477876106196,17.616666666666667,8.0,5
12920,2026-08-29,KUN,PNP,78,12.0,12.0,0.0,83,24,0.33191489361702126,157,10.210526315789474,24.317477876106196,18.033333333333335,15.0,5
12920,2026-08-29,PNP,SNP,83,19.0,12.0,7.0,90,30,0.35319148936170214,152,18.63157894736842,24.317477876106196,18.433333333333334,17.0,5
12920,2026-08-29,SNP,SZM,90,20.0,19.0,1.0,99,42,0.3829787234042553,145,22.473684210526315,24.317477876106196,18.933333333333334,15.0,5
12920,2026-08-29,FDB,BVH,109,19.0,19.0,0.0,111,11,0.46382978723404256,126,12.578947368421053,24.317477876106196,21.05,15.0,5
12920,2026-08-29,BVH,PWL,111,19.0,19.0,0.0,113,28,0.4723404255319149,124,12.631578947368421,24.317477876106196,21.233333333333334,4.0,5
12920,2026-08-29,PWL,KSV,113,8.0,19.0,-11.0,118,28,0.4808510638297872,122,4.421052631578948,24.317477876106196,21.7,4.0,5
12920,2026-08-29,KSV,MTJ,118,8.0,8.0,0.0,123,30,0.502127659574468,117,7.578947368421052,24.317477876106196,22.166666666666668,60.0,5
12920,2026-08-29,MTJ,AGC,123,68.0,8.0,60.0,131,37,0.5234042553191489,112,13.052631578947368,24.317477876106196,22.666666666666668,72.0,5
12920,2026-08-29,AGC,DHO,131,81.0,68.0,13.0,135,58,0.5574468085106383,104,24.210526315789473,24.317477876106196,23.333333333333332,67.0,5
12920,2026-08-29,DHO,MRA,135,70.0,81.0,-11.0,139,37,0.574468085106383,100,13.736842105263158,24.317477876106196,0.25,56.0,5
12920,2026-08-29,MRA,GWL,139,62.0,70.0,-8.0,145,30,0.5914893617021276,96,5.0,24.317477876106196,0.8666666666666667,57.0,5
12920,2026-08-29,GWL,DBA,145,64.0,62.0,2.0,151,42,0.6170212765957447,90,16.105263157894736,24.317477876106196,1.3666666666666667,58.0,5
12920,2026-08-29,DBA,DAA,151,62.0,64.0,-2.0,154,26,0.6425531914893617,84,14.157894736842104,24.317477876106196,2.066666666666667,59.0,5
12920,2026-08-29,DAA,VGLJ,154,63.0,62.0,1.0,156,37,0.6553191489361702,81,18.842105263157894,24.317477876106196,2.5,45.0,5
12920,2026-08-29,VGLJ,BAB,156,51.0,63.0,-12.0,159,32,0.6638297872340425,79,14.736842105263158,24.317477876106196,3.216666666666667,47.0,5
12920,2026-08-29,BAB,LAR,159,52.0,51.0,1.0,168,44,0.676595744680851,76,20.31578947368421,24.317477876106196,3.65,60.0,5
12920,2026-08-29,LAR,BINA,168,77.0,52.0,25.0,175,69,0.7148936170212766,67,36.63157894736842,24.317477876106196,4.383333333333334,57.0,5
12920,2026-08-29,BINA,BAQ,175,69.0,77.0,-8.0,181,36,0.7446808510638298,60,21.842105263157894,24.317477876106196,5.583333333333333,78.0,5
12920,2026-08-29,BAQ,BHS,181,83.0,69.0,14.0,186,27,0.7702127659574468,54,28.263157894736842,24.317477876106196,6.133333333333334,84.0,5
12920,2026-08-29,BHS,NSZ,186,89.0,83.0,6.0,192,57,0.7914893617021277,49,37.1578947368421,24.317477876106196,6.583333333333333,109.0,5
12920,2026-08-29,SEH,KPP,198,232.0,232.0,0.0,202,27,0.8425531914893617,37,73.52631578947368,24.317477876106196,8.65,222.0,5
12920,2026-08-29,KPP,SJP,202,227.0,232.0,-5.0,204,13,0.8595744680851064,33,75.05263157894737,24.317477876106196,9.1,224.0,5
12920,2026-08-29,SJP,AKD,204,228.0,227.0,1.0,206,15,0.8680851063829788,31,76.0,24.317477876106196,9.333333333333334,224.0,5
12920,2026-08-29,AKD,BCH,206,228.0,228.0,0.0,210,27,0.8765957446808511,29,74.89473684210526,24.317477876106196,9.566666666666666,221.0,5
12920,2026-08-29,BCH,MKC,210,224.0,228.0,-4.0,212,29,0.8936170212765957,25,73.78947368421052,24.317477876106196,10.033333333333333,210.0,5
12920,2026-08-29,MKC,UJN,212,217.0,224.0,-7.0,217,51,0.902127659574468,23,65.0,24.317477876106196,10.5,193.0,5
12920,2026-08-29,DWX,INDB,223,204.0,204.0,0.0,229,65,0.948936170212766,12,66.42105263157895,24.317477876106196,12.533333333333333,187.0,5
12920,2026-08-29,INDB,DADN,229,191.0,204.0,-13.0,235,50,0.9744680851063829,6,44.36842105263158,24.317477876106196,13.75,167.0,5
12951,2026-08-29,BVI,ST,18,16.0,16.0,0.0,59,143,0.08411214953271028,196,12.31578947368421,8.76923076923077,17.366666666666667,4.0,5
12951,2026-08-29,ST,BRC,59,8.0,16.0,-8.0,83,83,0.2757009345794392,155,8.526315789473685,8.76923076923077,19.8,10.0,5
12951,2026-08-29,BRC,RTM,83,14.0,8.0,6.0,119,199,0.3878504672897196,131,14.736842105263158,8.76923076923077,21.266666666666666,6.0,5
12951,2026-08-29,RTM,NAD,119,14.0,14.0,0.0,124,43,0.5560747663551402,95,7.7894736842105265,8.76923076923077,0.4666666666666667,3.0,5
12951,2026-08-29,NAD,KOTA,124,7.0,14.0,-7.0,151,127,0.5794392523364486,90,5.7894736842105265,8.76923076923077,1.1666666666666667,6.0,5
12919,2026-09-06,INDB,DWX,7,5.0,0.0,5.0,13,46,0.029787234042553193,228,4.909090909090909,126.49525616698293,12.25,1.0,6
12919,2026-09-06,DWX,UJN,13,2.0,5.0,-3.0,19,54,0.05531914893617021,222,6.0,126.49525616698293,12.883333333333333,-11.0,6
12919,2026-09-06,UJN,MKC,19,5.0,2.0,3.0,24,50,0.08085106382978724,216,0.8181818181818182,126.49525616698293,14.0,1.0,6
12919,2026-09-06,MKC,BCH,24,1.0,5.0,-4.0,26,16,0.10212765957446808,211,7.909090909090909,126.49525616698293,14.6,2.0,6
12919,2026-09-06,BCH,AKD,26,2.0,1.0,1.0,30,28,0.11063829787234042,209,10.909090909090908,126.49525616698293,14.883333333333333,-2.0,6
12919,2026-09-06,AKD,SJP,30,0.0,2.0,-2.0,32,13,0.1276595744680851,205,6.090909090909091,126.49525616698293,15.333333333333334,1.0,6
12919,2026-09-06,SJP,KPP,32,1.0,0.0,1.0,34,15,0.13617021276595745,203,7.363636363636363,126.49525616698293,15.566666666666666,0.0,6
12919,2026-09-06,KPP,SEH,34,1.0,1.0,0.0,38,23,0.14468085106382977,201,5.636363636363637,126.49525616698293,15.8,2.0,6
12919,2026-09-06,SEH,SHRN,38,4.0,1.0,3.0,42,43,0.16170212765957448,197,9.181818181818182,126.49525616698293,16.183333333333334,-9.0,6
12919,2026-09-06,SHRN,BPL,42,1.0,4.0,-3.0,43,27,0.17872340425531916,193,2.909090909090909,126.49525616698293,16.916666666666668,16.0,6
12919,2026-09-06,BPL,NSZ,43,28.0,1.0,27.0,44,22,0.1829787234042553,192,27.636363636363637,126.49525616698293,17.5,26.0,6
12919,2026-09-06,NSZ,BHS,44,27.0,28.0,-1.0,50,23,0.18723404255319148,191,51.18181818181818,126.49525616698293,17.733333333333334,43.0,6
12919,2026-09-06,BHS,BAQ,50,43.0,27.0,16.0,55,26,0.2127659574468085,185,97.18181818181819,126.49525616698293,18.116666666666667,49.0,6
12919,2026-09-06,BAQ,BINA,55,49.0,43.0,6.0,61,59,0.23404255319148937,180,113.45454545454545,126.49525616698293,18.55,43.0,6
12919,2026-09-06,BINA,LAR,61,63.0,49.0,14.0,68,44,0.25957446808510637,174,102.45454545454545,126.49525616698293,19.583333333333332,79.0,6
12919,2026-09-06,LAR,BAB,68,82.0,63.0,19.0,77,40,0.28936170212765955,167,125.1,126.49525616698293,20.266666666666666,86.0,6
12919,2026-09-06,BAB,VGLJ,77,86.0,82.0,4.0,80,36,0.3276595744680851,158,123.54545454545455,126.49525616698293,20.933333333333334,75.0,6
12919,2026-09-06,VGLJ,DAA,80,76.0,86.0,-10.0,82,29,0.3404255319148936,155,119.81818181818181,126.49525616698293,21.633333333333333,80.0,6
12919,2026-09-06,DAA,DBA,82,95.0,76.0,19.0,85,23,0.34893617021276596,153,123.81818181818181,126.49525616698293,22.016666666666666,96.0,6
12919,2026-09-06,DBA,GWL,85,97.0,95.0,2.0,91,32,0.3617021276595745,150,129.0,126.49525616698293,22.4,99.0,6
12919,2026-09-06,GWL,MRA,91,100.0,97.0,3.0,97,31,0.3872340425531915,144,144.27272727272728,126.49525616698293,22.933333333333334,96.0,6
12919,2026-09-06,MRA,DHO,97,96.0,100.0,-4.0,101,43,0.4127659574468085,138,145.0909090909091,126.49525616698293,23.45,78.0,6
12919,2026-09-06,DHO,AGC,101,79.0,96.0,-17.0,105,32,0.4297872340425532,134,129.36363636363637,126.49525616698293,0.16666666666666666,94.0,6
12919,2026-09-06,AGC,MTJ,105,95.0,79.0,16.0,113,43,0.44680851063829785,130,140.63636363636363,126.49525616698293,0.75,107.0,6
12919,2026-09-06,MTJ,KSV,113,108.0,95.0,13.0,118,29,0.4808510638297872,122,143.72727272727272,126.49525616698293,1.4166666666666667,110.0,6
12919,2026-09-06,KSV,PWL,118,120.0,108.0,12.0,123,66,0.502127659574468,117,152.0,126.49525616698293,1.9,122.0,6
12919,2026-09-06,PWL,BVH,123,131.0,120.0,11.0,125,18,0.5234042553191489,112,117.0,126.49525616698293,3.0,134.0,6
12919,2026-09-06,NZM,NDLS,131,164.0,164.0,0.0,135,27,0.5574468085106383,104,147.36363636363637,126.49525616698293,3.8333333333333335,169.0,6
12919,2026-09-06,NDLS,SNP,135,173.0,164.0,9.0,146,55,0.574468085106383,100,146.1818181818182,126.49525616698293,4.5,186.0,6
12919,2026-09-06,SNP,PNP,146,185.0,173.0,12.0,153,30,0.6212765957446809,89,168.72727272727272,126.49525616698293,5.2,218.0,6
12919,2026-09-06,PNP,KUN,153,219.0,185.0,34.0,158,24,0.6510638297872341,82,206.36363636363637,126.49525616698293,5.7,217.0,6
12919,2026-09-06,KUN,KKDE,158,217.0,219.0,-2.0,163,26,0.6723404255319149,77,209.8181818181818,126.49525616698293,6.1,229.0,6
12919,2026-09-06,KKDE,UMB,163,259.0,217.0,42.0,169,60,0.6936170212765957,72,211.54545454545453,126.49525616698293,6.533333333333333,241.0,6
12919,2026-09-06,UMB,SIR,169,244.0,259.0,-15.0,175,38,0.7191489361702128,66,205.63636363636363,126.49525616698293,7.583333333333333,252.0,6
12919,2026-09-06,SIR,KNN,175,252.0,244.0,8.0,177,17,0.7446808510638298,60,222.8181818181818,126.49525616698293,8.166666666666666,260.0,6
12919,2026-09-06,KNN,LDH,177,259.0,252.0,7.0,184,75,0.7531914893617021,58,223.0,126.49525616698293,8.45,228.0,6
12919,2026-09-06,LDH,JRC,184,227.0,259.0,-32.0,191,53,0.7829787234042553,51,184.36363636363637,126.49525616698293,9.833333333333334,233.0,6
12919,2026-09-06,JRC,DZA,191,233.0,227.0,6.0,204,68,0.8127659574468085,44,193.36363636363637,126.49525616698293,10.6,214.0,6
12919,2026-09-06,DZA,MEX,204,214.0,233.0,-19.0,207,17,0.8680851063829788,31,177.54545454545453,126.49525616698293,11.716666666666667,216.0,6
12919,2026-09-06,MEX,PTKC,207,216.0,214.0,2.0,214,29,0.8808510638297873,28,178.72727272727272,126.49525616698293,12.0,223.0,6
12919,2026-09-06,PTKC,MSKT,214,223.0,216.0,7.0,218,41,0.9106382978723404,21,186.36363636363637,126.49525616698293,12.5,217.0,6
12919,2026-09-06,MSKT,JAT,218,217.0,223.0,-6.0,228,82,0.9276595744680851,17,180.63636363636363,126.49525616698293,13.166666666666666,243.0,6
12919,2026-09-06,JAT,RMJK,228,272.0,217.0,55.0,232,49,0.9702127659574468,7,208.27272727272728,126.49525616698293,14.583333333333334,289.0,6
12919,2026-09-06,RMJK,MCTM,232,289.0,272.0,17.0,233,24,0.9872340425531915,3,233.9090909090909,126.49525616698293,15.35,284.0,6
12919,2026-09-06,MCTM,CRWL,233,284.0,289.0,-5.0,234,15,0.9914893617021276,2,126.49525616698293,126.49525616698293,15.75,288.0,6
12919,2026-09-06,CRWL,SVDK,234,288.0,284.0,4.0,235,32,0.9957446808510638,1,241.72727272727272,126.49525616698293,16.0,280.0,6
12919,2026-09-07,INDB,DWX,7,2.0,1.0,1.0,13,46,0.029787234042553193,228,5.0,126.50086956521739,12.25,8.0,0
12919,2026-09-07,DWX,UJN,13,7.0,2.0,5.0,19,54,0.05531914893617021,222,5.583333333333333,126.50086956521739,12.883333333333333,-8.0,0
12919,2026-09-07,MKC,BCH,24,7.0,7.0,0.0,26,16,0.10212765957446808,211,7.333333333333333,126.50086956521739,14.6,7.0,0
12919,2026-09-07,BCH,AKD,26,7.0,7.0,0.0,30,28,0.11063829787234042,209,10.166666666666666,126.50086956521739,14.883333333333333,2.0,0
12919,2026-09-07,AKD,SJP,30,2.0,7.0,-5.0,32,13,0.1276595744680851,205,5.416666666666667,126.50086956521739,15.333333333333334,3.0,0
12919,2026-09-07,SJP,KPP,32,3.0,2.0,1.0,34,15,0.13617021276595745,203,6.833333333333333,126.50086956521739,15.566666666666666,2.0,0
12919,2026-09-07,KPP,SEH,34,2.0,3.0,-1.0,38,23,0.14468085106382977,201,5.166666666666667,126.50086956521739,15.8,6.0,0
12919,2026-09-07,SEH,SHRN,38,7.0,2.0,5.0,42,43,0.16170212765957448,197,8.583333333333334,126.50086956521739,16.183333333333334,-11.0,0
12919,2026-09-07,SHRN,BPL,42,1.0,7.0,-6.0,43,27,0.17872340425531916,193,1.9166666666666667,126.50086956521739,16.916666666666668,10.0,0
12919,2026-09-07,BPL,NSZ,43,29.0,1.0,28.0,44,22,0.1829787234042553,192,26.666666666666668,126.50086956521739,17.5,27.0,0
12919,2026-09-07,NSZ,BHS,44,27.0,29.0,-2.0,50,23,0.18723404255319148,191,49.083333333333336,126.50086956521739,17.733333333333334,43.0,0
12919,2026-09-07,BHS,BAQ,50,46.0,27.0,19.0,55,26,0.2127659574468085,185,92.66666666666667,126.50086956521739,18.116666666666667,54.0,0
12919,2026-09-07,BAQ,BINA,55,54.0,46.0,8.0,61,59,0.23404255319148937,180,108.08333333333333,126.50086956521739,18.55,47.0,0
12919,2026-09-07,BINA,LAR,61,47.0,54.0,-7.0,68,44,0.25957446808510637,174,97.5,126.50086956521739,19.583333333333332,56.0,0
12919,2026-09-07,LAR,BAB,68,58.0,47.0,11.0,77,40,0.28936170212765955,167,120.9090909090909,126.50086956521739,20.266666666666666,61.0,0
12919,2026-09-07,BAB,VGLJ,77,61.0,58.0,3.0,80,36,0.3276595744680851,158,120.41666666666667,126.50086956521739,20.933333333333334,49.0,0
12919,2026-09-07,VGLJ,DAA,80,50.0,61.0,-11.0,82,29,0.3404255319148936,155,116.08333333333333,126.50086956521739,21.633333333333333,56.0,0
12919,2026-09-07,DAA,DBA,82,57.0,50.0,7.0,85,23,0.34893617021276596,153,120.16666666666667,126.50086956521739,22.016666666666666,57.0,0
12919,2026-09-07,DBA,GWL,85,59.0,57.0,2.0,91,32,0.3617021276595745,150,126.25,126.50086956521739,22.4,63.0,0
12919,2026-09-07,GWL,MRA,91,61.0,59.0,2.0,97,31,0.3872340425531915,144,140.5,126.50086956521739,22.933333333333334,66.0,0
12919,2026-09-07,MRA,DHO,97,66.0,61.0,5.0,101,43,0.4127659574468085,138,141.0,126.50086956521739,23.45,49.0,0
12919,2026-09-07,DHO,AGC,101,49.0,66.0,-17.0,105,32,0.4297872340425532,134,125.08333333333333,126.50086956521739,0.16666666666666666,63.0,0
12919,2026-09-07,AGC,MTJ,105,63.0,49.0,14.0,113,43,0.44680851063829785,130,136.75,126.50086956521739,0.75,64.0,0
12919,2026-09-07,MTJ,KSV,113,66.0,63.0,3.0,118,29,0.4808510638297872,122,140.66666666666666,126.50086956521739,1.4166666666666667,67.0,0
12919,2026-09-07,KSV,PWL,118,71.0,66.0,5.0,123,66,0.502127659574468,117,148.5,126.50086956521739,1.9,45.0,0
12919,2026-09-07,PWL,BVH,123,46.0,71.0,-25.0,125,18,0.5234042553191489,112,117.41666666666667,126.50086956521739,3.0,54.0,0
12919,2026-09-07,NZM,NDLS,131,79.0,79.0,0.0,135,27,0.5574468085106383,104,148.75,126.50086956521739,3.8333333333333335,71.0,0
12919,2026-09-07,NDLS,SNP,135,73.0,79.0,-6.0,146,55,0.574468085106383,100,148.08333333333334,126.50086956521739,4.5,100.0,0
12919,2026-09-07,SNP,PNP,146,100.0,73.0,27.0,153,30,0.6212765957446809,89,170.16666666666666,126.50086956521739,5.2,115.0,0
12919,2026-09-07,PNP,KUN,153,116.0,100.0,16.0,158,24,0.6510638297872341,82,207.33333333333334,126.50086956521739,5.7,116.0,0
12919,2026-09-07,KUN,KKDE,158,117.0,116.0,1.0,163,26,0.6723404255319149,77,210.41666666666666,126.50086956521739,6.1,118.0,0
12919,2026-09-07,KKDE,UMB,163,118.0,117.0,1.0,169,60,0.6936170212765957,72,213.0,126.50086956521739,6.533333333333333,94.0,0
12919,2026-09-07,UMB,SIR,169,97.0,118.0,-21.0,175,38,0.7191489361702128,66,208.58333333333334,126.50086956521739,7.583333333333333,109.0,0
12919,2026-09-07,LDH,JRC,184,73.0,73.0,0.0,191,53,0.7829787234042553,51,188.0,126.50086956521739,9.833333333333334,79.0,0
12919,2026-09-07,JRC,DZA,191,80.0,73.0,7.0,204,68,0.8127659574468085,44,196.66666666666666,126.50086956521739,10.6,61.0,0
12919,2026-09-07,DZA,MEX,204,61.0,80.0,-19.0,207,17,0.8680851063829788,31,180.58333333333334,126.50086956521739,11.716666666666667,62.0,0
12919,2026-09-07,MEX,PTKC,207,62.0,61.0,1.0,214,29,0.8808510638297873,28,181.83333333333334,126.50086956521739,12.0,68.0,0
12919,2026-09-07,JAT,RMJK,228,55.0,55.0,0.0,232,49,0.9702127659574468,7,211.16666666666666,126.50086956521739,14.583333333333334,71.0,0
12919,2026-09-07,RMJK,MCTM,232,71.0,55.0,16.0,233,24,0.9872340425531915,3,238.5,126.50086956521739,15.35,63.0,0
12919,2026-09-07,MCTM,CRWL,233,64.0,71.0,-7.0,234,15,0.9914893617021276,2,284.0,126.50086956521739,15.75,67.0,0
12919,2026-09-07,CRWL,SVDK,234,72.0,64.0,8.0,235,32,0.9957446808510638,1,245.58333333333334,126.50086956521739,16.0,62.0,0
12919,2026-09-08,INDB,DWX,7,3.0,0.0,3.0,13,46,0.029787234042553193,228,5.0,121.00644122383252,12.25,12.0,1
12919,2026-09-08,DWX,UJN,13,12.0,3.0,9.0,19,54,0.05531914893617021,222,5.769230769230769,121.00644122383252,12.883333333333333,0.0,1
12919,2026-09-08,UJN,MKC,19,14.0,12.0,2.0,24,50,0.08085106382978724,216,-0.7692307692307693,121.00644122383252,14.0,12.0,1
12919,2026-09-08,MKC,BCH,24,12.0,14.0,-2.0,26,16,0.10212765957446808,211,7.153846153846154,121.00644122383252,14.6,14.0,1
12919,2026-09-08,BCH,AKD,26,14.0,12.0,2.0,30,28,0.11063829787234042,209,9.923076923076923,121.00644122383252,14.883333333333333,9.0,1
12919,2026-09-08,AKD,SJP,30,10.0,14.0,-4.0,32,13,0.1276595744680851,205,5.153846153846154,121.00644122383252,15.333333333333334,11.0,1
12919,2026-09-08,SJP,KPP,32,11.0,10.0,1.0,34,15,0.13617021276595745,203,6.538461538461538,121.00644122383252,15.566666666666666,9.0,1
12919,2026-09-08,KPP,SEH,34,10.0,11.0,-1.0,38,23,0.14468085106382977,201,4.923076923076923,121.00644122383252,15.8,12.0,1
12919,2026-09-08,SEH,SHRN,38,14.0,10.0,4.0,42,43,0.16170212765957448,197,8.384615384615385,121.00644122383252,16.183333333333334,-1.0,1
12919,2026-09-08,SHRN,BPL,42,0.0,14.0,-14.0,43,27,0.17872340425531916,193,0.9230769230769231,121.00644122383252,16.916666666666668,16.0,1
12919,2026-09-08,LAR,BAB,68,63.0,63.0,0.0,77,40,0.28936170212765955,167,115.5,121.00644122383252,20.266666666666666,66.0,1
12919,2026-09-08,BAB,VGLJ,77,67.0,63.0,4.0,80,36,0.3276595744680851,158,115.84615384615384,121.00644122383252,20.933333333333334,55.0,1
12919,2026-09-08,VGLJ,DAA,80,55.0,67.0,-12.0,82,29,0.3404255319148936,155,110.92307692307692,121.00644122383252,21.633333333333333,60.0,1
12919,2026-09-08,DAA,DBA,82,60.0,55.0,5.0,85,23,0.34893617021276596,153,115.23076923076923,121.00644122383252,22.016666666666666,60.0,1
12919,2026-09-08,DBA,GWL,85,60.0,60.0,0.0,91,32,0.3617021276595745,150,120.92307692307692,121.00644122383252,22.4,63.0,1
12919,2026-09-08,GWL,MRA,91,61.0,60.0,1.0,97,31,0.3872340425531915,144,134.53846153846155,121.00644122383252,22.933333333333334,66.0,1
12919,2026-09-08,MRA,DHO,97,69.0,61.0,8.0,101,43,0.4127659574468085,138,135.23076923076923,121.00644122383252,23.45,56.0,1
12919,2026-09-08,DHO,AGC,101,56.0,69.0,-13.0,105,32,0.4297872340425532,134,119.23076923076923,121.00644122383252,0.16666666666666666,68.0,1
12919,2026-09-08,AGC,MTJ,105,68.0,56.0,12.0,113,43,0.44680851063829785,130,131.07692307692307,121.00644122383252,0.75,69.0,1
12919,2026-09-08,MTJ,KSV,113,71.0,68.0,3.0,118,29,0.4808510638297872,122,134.76923076923077,121.00644122383252,1.4166666666666667,75.0,1
12919,2026-09-08,KSV,PWL,118,75.0,71.0,4.0,123,66,0.502127659574468,117,142.23076923076923,121.00644122383252,1.9,52.0,1
12919,2026-09-08,PWL,BVH,123,52.0,75.0,-23.0,125,18,0.5234042553191489,112,111.84615384615384,121.00644122383252,3.0,56.0,1
12919,2026-09-08,NZM,NDLS,131,68.0,68.0,0.0,135,27,0.5574468085106383,104,143.30769230769232,121.00644122383252,3.8333333333333335,66.0,1
12919,2026-09-08,NDLS,SNP,135,69.0,68.0,1.0,146,55,0.574468085106383,100,142.15384615384616,121.00644122383252,4.5,102.0,1
12919,2026-09-08,SNP,PNP,146,102.0,69.0,33.0,153,30,0.6212765957446809,89,164.76923076923077,121.00644122383252,5.2,118.0,1
12919,2026-09-08,PNP,KUN,153,119.0,102.0,17.0,158,24,0.6510638297872341,82,200.23076923076923,121.00644122383252,5.7,120.0,1
12919,2026-09-08,KUN,KKDE,158,119.0,119.0,0.0,163,26,0.6723404255319149,77,203.15384615384616,121.00644122383252,6.1,201.0,1
12919,2026-09-08,KKDE,UMB,163,200.0,119.0,81.0,169,60,0.6936170212765957,72,205.69230769230768,121.00644122383252,6.533333333333333,203.0,1
12919,2026-09-08,UMB,SIR,169,217.0,200.0,17.0,175,38,0.7191489361702128,66,199.76923076923077,121.00644122383252,7.583333333333333,228.0,1
12919,2026-09-08,SIR,KNN,175,228.0,217.0,11.0,177,17,0.7446808510638298,60,216.30769230769232,121.00644122383252,8.166666666666666,229.0,1
12919,2026-09-08,KNN,LDH,177,241.0,228.0,13.0,184,75,0.7531914893617021,58,226.08333333333334,121.00644122383252,8.45,205.0,1
12919,2026-09-08,LDH,JRC,184,223.0,241.0,-18.0,191,53,0.7829787234042553,51,179.23076923076923,121.00644122383252,9.833333333333334,236.0,1
12919,2026-09-08,JRC,DZA,191,236.0,223.0,13.0,204,68,0.8127659574468085,44,187.6153846153846,121.00644122383252,10.6,216.0,1
12919,2026-09-08,DZA,MEX,204,216.0,236.0,-20.0,207,17,0.8680851063829788,31,171.3846153846154,121.00644122383252,11.716666666666667,217.0,1
12919,2026-09-08,MEX,PTKC,207,218.0,216.0,2.0,214,29,0.8808510638297873,28,172.6153846153846,121.00644122383252,12.0,223.0,1
12919,2026-09-08,PTKC,MSKT,214,222.0,218.0,4.0,218,41,0.9106382978723404,21,180.07692307692307,121.00644122383252,12.5,215.0,1
12919,2026-09-08,MSKT,JAT,218,224.0,222.0,2.0,228,82,0.9276595744680851,17,183.66666666666666,121.00644122383252,13.166666666666666,279.0,1
12919,2026-09-08,JAT,RMJK,228,294.0,224.0,70.0,232,49,0.9702127659574468,7,198.69230769230768,121.00644122383252,14.583333333333334,309.0,1
12919,2026-09-08,RMJK,MCTM,232,319.0,294.0,25.0,233,24,0.9872340425531915,3,225.6153846153846,121.00644122383252,15.35,311.0,1
12919,2026-09-08,MCTM,CRWL,233,312.0,319.0,-7.0,234,15,0.9914893617021276,2,173.5,121.00644122383252,15.75,315.0,1
12919,2026-09-08,CRWL,SVDK,234,314.0,312.0,2.0,235,32,0.9957446808510638,1,231.84615384615384,121.00644122383252,16.0,304.0,1
12919,2026-09-09,INDB,DWX,7,5.0,1.0,4.0,13,46,0.029787234042553193,228,5.071428571428571,120.62857142857143,12.25,2.0,2
12919,2026-09-09,DWX,UJN,13,2.0,5.0,-3.0,19,54,0.05531914893617021,222,6.214285714285714,120.62857142857143,12.883333333333333,-7.0,2
12919,2026-09-09,UJN,MKC,19,11.0,2.0,9.0,24,50,0.08085106382978724,216,-0.7142857142857143,120.62857142857143,14.0,8.0,2
12919,2026-09-09,MKC,BCH,24,9.0,11.0,-2.0,26,16,0.10212765957446808,211,7.5,120.62857142857143,14.6,10.0,2
12919,2026-09-09,BCH,AKD,26,11.0,9.0,2.0,30,28,0.11063829787234042,209,10.214285714285714,120.62857142857143,14.883333333333333,9.0,2
12919,2026-09-09,AKD,SJP,30,10.0,11.0,-1.0,32,13,0.1276595744680851,205,5.428571428571429,120.62857142857143,15.333333333333334,11.0,2
12919,2026-09-09,SJP,KPP,32,11.0,10.0,1.0,34,15,0.13617021276595745,203,6.857142857142857,120.62857142857143,15.566666666666666,9.0,2
12919,2026-09-09,KPP,SEH,34,10.0,11.0,-1.0,38,23,0.14468085106382977,201,5.214285714285714,120.62857142857143,15.8,10.0,2
12919,2026-09-09,SEH,SHRN,38,12.0,10.0,2.0,42,43,0.16170212765957448,197,8.642857142857142,120.62857142857143,16.183333333333334,-4.0,2
12919,2026-09-09,SHRN,BPL,42,0.0,12.0,-12.0,43,27,0.17872340425531916,193,0.7857142857142857,120.62857142857143,16.916666666666668,12.0,2
12919,2026-09-09,BPL,NSZ,43,30.0,0.0,30.0,44,22,0.1829787234042553,192,24.714285714285715,120.62857142857143,17.5,28.0,2
12919,2026-09-09,NSZ,BHS,44,28.0,30.0,-2.0,50,23,0.18723404255319148,191,47.38461538461539,120.62857142857143,17.733333333333334,52.0,2
12919,2026-09-09,BHS,BAQ,50,65.0,28.0,37.0,55,26,0.2127659574468085,185,88.84615384615384,120.62857142857143,18.116666666666667,69.0,2
12919,2026-09-09,BAQ,BINA,55,69.0,65.0,4.0,61,59,0.23404255319148937,180,103.92307692307692,120.62857142857143,18.55,87.0,2
12919,2026-09-09,BINA,LAR,61,93.0,69.0,24.0,68,44,0.25957446808510637,174,93.61538461538461,120.62857142857143,19.583333333333332,111.0,2
12919,2026-09-09,LAR,BAB,68,117.0,93.0,24.0,77,40,0.28936170212765955,167,111.38461538461539,120.62857142857143,20.266666666666666,116.0,2
12919,2026-09-09,BAB,VGLJ,77,116.0,117.0,-1.0,80,36,0.3276595744680851,158,112.28571428571429,120.62857142857143,20.933333333333334,123.0,2
12919,2026-09-09,VGLJ,DAA,80,127.0,116.0,11.0,82,29,0.3404255319148936,155,106.92857142857143,120.62857142857143,21.633333333333333,132.0,2
12919,2026-09-09,DAA,DBA,82,133.0,127.0,6.0,85,23,0.34893617021276596,153,111.28571428571429,120.62857142857143,22.016666666666666,143.0,2
12919,2026-09-09,DBA,GWL,85,143.0,133.0,10.0,91,32,0.3617021276595745,150,116.57142857142857,120.62857142857143,22.4,151.0,2
12919,2026-09-09,GWL,MRA,91,153.0,143.0,10.0,97,31,0.3872340425531915,144,129.42857142857142,120.62857142857143,22.933333333333334,169.0,2
12919,2026-09-09,MRA,DHO,97,170.0,153.0,17.0,101,43,0.4127659574468085,138,130.28571428571428,120.62857142857143,23.45,179.0,2
12919,2026-09-09,DHO,AGC,101,180.0,170.0,10.0,105,32,0.4297872340425532,134,114.71428571428571,120.62857142857143,0.16666666666666666,197.0,2
12919,2026-09-09,AGC,MTJ,105,196.0,180.0,16.0,113,43,0.44680851063829785,130,126.57142857142857,120.62857142857143,0.75,196.0,2
12919,2026-09-09,MTJ,KSV,113,200.0,196.0,4.0,118,29,0.4808510638297872,122,130.07142857142858,120.62857142857143,1.4166666666666667,203.0,2
12919,2026-09-09,KSV,PWL,118,203.0,200.0,3.0,123,66,0.502127659574468,117,137.42857142857142,120.62857142857143,1.9,174.0,2
12919,2026-09-09,PWL,BVH,123,174.0,203.0,-29.0,125,18,0.5234042553191489,112,107.57142857142857,120.62857142857143,3.0,177.0,2
12919,2026-09-09,NZM,NDLS,131,186.0,186.0,0.0,135,27,0.5574468085106383,104,137.92857142857142,120.62857142857143,3.8333333333333335,191.0,2
12919,2026-09-09,NDLS,SNP,135,187.0,186.0,1.0,146,55,0.574468085106383,100,136.71428571428572,120.62857142857143,4.5,202.0,2
12919,2026-09-09,SNP,PNP,146,202.0,187.0,15.0,153,30,0.6212765957446809,89,160.28571428571428,120.62857142857143,5.2,245.0,2
12919,2026-09-09,PNP,KUN,153,245.0,202.0,43.0,158,24,0.6510638297872341,82,194.35714285714286,120.62857142857143,5.7,252.0,2
12919,2026-09-09,KUN,KKDE,158,251.0,245.0,6.0,163,26,0.6723404255319149,77,197.21428571428572,120.62857142857143,6.1,250.0,2
12919,2026-09-09,KKDE,UMB,163,250.0,251.0,-1.0,169,60,0.6936170212765957,72,205.35714285714286,120.62857142857143,6.533333333333333,232.0,2
12919,2026-09-09,UMB,SIR,169,232.0,250.0,-18.0,175,38,0.7191489361702128,66,200.0,120.62857142857143,7.583333333333333,240.0,2
12919,2026-09-09,SIR,KNN,175,239.0,232.0,7.0,177,17,0.7446808510638298,60,217.14285714285714,120.62857142857143,8.166666666666666,239.0,2
12919,2026-09-09,KNN,LDH,177,239.0,239.0,0.0,184,75,0.7531914893617021,58,226.30769230769232,120.62857142857143,8.45,199.0,2
12919,2026-09-09,LDH,JRC,184,200.0,239.0,-39.0,191,53,0.7829787234042553,51,181.07142857142858,120.62857142857143,9.833333333333334,211.0,2
12919,2026-09-09,JRC,DZA,191,212.0,200.0,12.0,204,68,0.8127659574468085,44,191.07142857142858,120.62857142857143,10.6,193.0,2
12919,2026-09-09,DZA,MEX,204,193.0,212.0,-19.0,207,17,0.8680851063829788,31,174.57142857142858,120.62857142857143,11.716666666666667,194.0,2
12919,2026-09-09,MEX,PTKC,207,195.0,193.0,2.0,214,29,0.8808510638297873,28,175.78571428571428,120.62857142857143,12.0,203.0,2
12919,2026-09-09,PTKC,MSKT,214,203.0,195.0,8.0,218,41,0.9106382978723404,21,183.14285714285714,120.62857142857143,12.5,195.0,2
12919,2026-09-09,MSKT,JAT,218,200.0,203.0,-3.0,228,82,0.9276595744680851,17,186.07692307692307,120.62857142857143,13.166666666666666,201.0,2
12919,2026-09-09,JAT,RMJK,228,209.0,200.0,9.0,232,49,0.9702127659574468,7,204.42857142857142,120.62857142857143,14.583333333333334,257.0,2
12919,2026-09-09,RMJK,MCTM,232,257.0,209.0,48.0,233,24,0.9872340425531915,3,231.57142857142858,120.62857142857143,15.35,249.0,2
12919,2026-09-09,MCTM,CRWL,233,250.0,257.0,-7.0,234,15,0.9914893617021276,2,219.33333333333334,120.62857142857143,15.75,255.0,2
12919,2026-09-09,CRWL,SVDK,234,255.0,250.0,5.0,235,32,0.9957446808510638,1,237.78571428571428,120.62857142857143,16.0,245.0,2
12919,2026-09-10,INDB,DWX,7,6.0,0.0,6.0,13,46,0.029787234042553193,228,5.133333333333334,122.06030855539971,12.25,14.0,3
12919,2026-09-10,DWX,UJN,13,14.0,6.0,8.0,19,54,0.05531914893617021,222,5.933333333333334,122.06030855539971,12.883333333333333,0.0,3
12919,2026-09-10,UJN,MKC,19,14.0,14.0,0.0,24,50,0.08085106382978724,216,-1.1333333333333333,122.06030855539971,14.0,14.0,3
12919,2026-09-10,MKC,BCH,24,15.0,14.0,1.0,26,16,0.10212765957446808,211,7.533333333333333,122.06030855539971,14.6,16.0,3
12919,2026-09-10,BCH,AKD,26,16.0,15.0,1.0,30,28,0.11063829787234042,209,10.2,122.06030855539971,14.883333333333333,11.0,3
12919,2026-09-10,AKD,SJP,30,12.0,16.0,-4.0,32,13,0.1276595744680851,205,5.666666666666667,122.06030855539971,15.333333333333334,13.0,3
12919,2026-09-10,SJP,KPP,32,12.0,12.0,0.0,34,15,0.13617021276595745,203,7.133333333333334,122.06030855539971,15.566666666666666,11.0,3
12919,2026-09-10,KPP,SEH,34,11.0,12.0,-1.0,38,23,0.14468085106382977,201,5.466666666666667,122.06030855539971,15.8,12.0,3
12919,2026-09-10,SEH,SHRN,38,14.0,11.0,3.0,42,43,0.16170212765957448,197,8.733333333333333,122.06030855539971,16.183333333333334,0.0,3
12919,2026-09-10,SHRN,BPL,42,8.0,14.0,-6.0,43,27,0.17872340425531916,193,0.4666666666666667,122.06030855539971,16.916666666666668,20.0,3
12919,2026-09-10,BPL,NSZ,43,45.0,8.0,37.0,44,22,0.1829787234042553,192,23.866666666666667,122.06030855539971,17.5,43.0,3
12919,2026-09-10,NSZ,BHS,44,56.0,45.0,11.0,50,23,0.18723404255319148,191,46.0,122.06030855539971,17.733333333333334,76.0,3
12919,2026-09-10,BHS,BAQ,50,76.0,56.0,20.0,55,26,0.2127659574468085,185,86.21428571428571,122.06030855539971,18.116666666666667,83.0,3
12919,2026-09-10,BAQ,BINA,55,83.0,76.0,7.0,61,59,0.23404255319148937,180,101.42857142857143,122.06030855539971,18.55,67.0,3
12919,2026-09-10,BINA,LAR,61,65.0,83.0,-18.0,68,44,0.25957446808510637,174,93.14285714285714,122.06030855539971,19.583333333333332,73.0,3
12919,2026-09-10,LAR,BAB,68,73.0,65.0,8.0,77,40,0.28936170212765955,167,111.35714285714286,122.06030855539971,20.266666666666666,77.0,3
12919,2026-09-10,BAB,VGLJ,77,76.0,73.0,3.0,80,36,0.3276595744680851,158,112.53333333333333,122.06030855539971,20.933333333333334,65.0,3
12919,2026-09-10,VGLJ,DAA,80,57.0,76.0,-19.0,82,29,0.3404255319148936,155,108.0,122.06030855539971,21.633333333333333,73.0,3
12919,2026-09-10,DAA,DBA,82,73.0,57.0,16.0,85,23,0.34893617021276596,153,112.66666666666667,122.06030855539971,22.016666666666666,75.0,3
12919,2026-09-10,DBA,GWL,85,77.0,73.0,4.0,91,32,0.3617021276595745,150,118.33333333333333,122.06030855539971,22.4,84.0,3
12919,2026-09-10,GWL,MRA,91,82.0,77.0,5.0,97,31,0.3872340425531915,144,130.86666666666667,122.06030855539971,22.933333333333334,83.0,3
12919,2026-09-10,MRA,DHO,97,83.0,82.0,1.0,101,43,0.4127659574468085,138,132.86666666666667,122.06030855539971,23.45,69.0,3
12919,2026-09-10,DHO,AGC,101,69.0,83.0,-14.0,105,32,0.4297872340425532,134,119.0,122.06030855539971,0.16666666666666666,83.0,3
12919,2026-09-10,AGC,MTJ,105,83.0,69.0,14.0,113,43,0.44680851063829785,130,131.26666666666668,122.06030855539971,0.75,84.0,3
12919,2026-09-10,MTJ,KSV,113,84.0,83.0,1.0,118,29,0.4808510638297872,122,134.46666666666667,122.06030855539971,1.4166666666666667,85.0,3
12919,2026-09-10,KSV,PWL,118,86.0,84.0,2.0,123,66,0.502127659574468,117,141.8,122.06030855539971,1.9,60.0,3
12919,2026-09-10,PWL,BVH,123,61.0,86.0,-25.0,125,18,0.5234042553191489,112,112.0,122.06030855539971,3.0,68.0,3
12919,2026-09-10,NZM,NDLS,131,83.0,83.0,0.0,135,27,0.5574468085106383,104,141.06666666666666,122.06030855539971,3.8333333333333335,77.0,3
12919,2026-09-10,NDLS,SNP,135,85.0,83.0,2.0,146,55,0.574468085106383,100,140.33333333333334,122.06030855539971,4.5,105.0,3
12919,2026-09-10,SNP,PNP,146,106.0,85.0,21.0,153,30,0.6212765957446809,89,163.06666666666666,122.06030855539971,5.2,165.0,3
12919,2026-09-10,PNP,KUN,153,177.0,106.0,71.0,158,24,0.6510638297872341,82,197.73333333333332,122.06030855539971,5.7,181.0,3
12919,2026-09-10,KUN,KKDE,158,201.0,177.0,24.0,163,26,0.6723404255319149,77,200.86666666666667,122.06030855539971,6.1,201.0,3
12919,2026-09-10,KKDE,UMB,163,209.0,201.0,8.0,169,60,0.6936170212765957,72,208.33333333333334,122.06030855539971,6.533333333333333,271.0,3
12919,2026-09-10,UMB,SIR,169,279.0,209.0,70.0,175,38,0.7191489361702128,66,202.13333333333333,122.06030855539971,7.583333333333333,287.0,3
12919,2026-09-10,SIR,KNN,175,336.0,279.0,57.0,177,17,0.7446808510638298,60,218.66666666666666,122.06030855539971,8.166666666666666,336.0,3
12919,2026-09-10,KNN,LDH,177,375.0,336.0,39.0,184,75,0.7531914893617021,58,227.21428571428572,122.06030855539971,8.45,360.0,3
12919,2026-09-10,LDH,JRC,184,364.0,375.0,-11.0,191,53,0.7829787234042553,51,182.26666666666668,122.06030855539971,9.833333333333334,371.0,3
12919,2026-09-10,JRC,DZA,191,371.0,364.0,7.0,204,68,0.8127659574468085,44,192.4,122.06030855539971,10.6,370.0,3
12919,2026-09-10,DZA,MEX,204,370.0,371.0,-1.0,207,17,0.8680851063829788,31,175.8,122.06030855539971,11.716666666666667,372.0,3
12919,2026-09-10,MEX,PTKC,207,372.0,370.0,2.0,214,29,0.8808510638297873,28,177.0,122.06030855539971,12.0,381.0,3
12919,2026-09-10,JAT,RMJK,228,361.0,361.0,0.0,232,49,0.9702127659574468,7,204.2,122.06030855539971,14.583333333333334,378.0,3
12919,2026-09-10,RMJK,MCTM,232,378.0,361.0,17.0,233,24,0.9872340425531915,3,233.26666666666668,122.06030855539971,15.35,371.0,3
12919,2026-09-10,MCTM,CRWL,233,371.0,378.0,-7.0,234,15,0.9914893617021276,2,226.75,122.06030855539971,15.75,373.0,3
12919,2026-09-10,CRWL,SVDK,234,372.0,371.0,1.0,235,32,0.9957446808510638,1,238.93333333333334,122.06030855539971,16.0,369.0,3
12002,2026-09-11,MTJ,AGC,23,17.0,0.0,17.0,31,31,0.24468085106382978,71,12.11111111111111,14.282828282828282,7.333333333333333,20.0,4
12002,2026-09-11,AGC,DHO,31,20.0,17.0,3.0,35,49,0.32978723404255317,63,18.7,14.282828282828282,7.916666666666667,10.0,4
12002,2026-09-11,DHO,MRA,35,11.0,20.0,-9.0,39,18,0.3723404255319149,59,10.6,14.282828282828282,8.666666666666666,14.0,4
12002,2026-09-11,MRA,GWL,39,14.0,11.0,3.0,45,26,0.4148936170212766,55,15.9,14.282828282828282,8.966666666666667,17.0,4
12002,2026-09-11,GWL,VGLJ,45,17.0,14.0,3.0,56,82,0.4787234042553192,49,17.3,14.282828282828282,9.466666666666667,9.0,4
12002,2026-09-11,VGLJ,LAR,56,10.0,17.0,-7.0,68,57,0.5957446808510638,38,10.7,14.282828282828282,10.833333333333334,40.0,4
12002,2026-09-11,LAR,BINA,68,45.0,10.0,35.0,75,58,0.723404255319149,26,20.9,14.282828282828282,11.716666666666667,32.0,4
12002,2026-09-11,BINA,BPL,75,33.0,45.0,-12.0,93,92,0.7978723404255319,19,10.1,14.282828282828282,12.7,31.0,4
12002,2026-09-11,BPL,RKMP,93,35.0,33.0,2.0,94,28,0.9893617021276596,1,16.3,14.282828282828282,14.25,22.0,4
12919,2026-09-11,INDB,DWX,7,4.0,1.0,3.0,13,46,0.029787234042553193,228,5.1875,123.42236842105264,12.25,1.0,4
12919,2026-09-11,DWX,UJN,13,1.0,4.0,-3.0,19,54,0.05531914893617021,222,6.4375,123.42236842105264,12.883333333333333,-9.0,4
12919,2026-09-11,UJN,MKC,19,14.0,1.0,13.0,24,50,0.08085106382978724,216,-1.0625,123.42236842105264,14.0,14.0,4
12919,2026-09-11,MKC,BCH,24,16.0,14.0,2.0,26,16,0.10212765957446808,211,7.9375,123.42236842105264,14.6,17.0,4
12919,2026-09-11,BCH,AKD,26,17.0,16.0,1.0,30,28,0.11063829787234042,209,10.5625,123.42236842105264,14.883333333333333,12.0,4
12919,2026-09-11,AKD,SJP,30,13.0,17.0,-4.0,32,13,0.1276595744680851,205,6.0,123.42236842105264,15.333333333333334,13.0,4
12919,2026-09-11,SJP,KPP,32,13.0,13.0,0.0,34,15,0.13617021276595745,203,7.5,123.42236842105264,15.566666666666666,11.0,4
12919,2026-09-11,KPP,SEH,34,12.0,13.0,-1.0,38,23,0.14468085106382977,201,5.8125,123.42236842105264,15.8,12.0,4
12919,2026-09-11,SEH,SHRN,38,14.0,12.0,2.0,42,43,0.16170212765957448,197,8.9375,123.42236842105264,16.183333333333334,-3.0,4
12919,2026-09-11,SHRN,BPL,42,26.0,14.0,12.0,43,27,0.17872340425531916,193,0.4375,123.42236842105264,16.916666666666668,31.0,4
12919,2026-09-11,BPL,NSZ,43,74.0,26.0,48.0,44,22,0.1829787234042553,192,23.625,123.42236842105264,17.5,75.0,4
12919,2026-09-11,NSZ,BHS,44,74.0,74.0,0.0,50,23,0.18723404255319148,191,45.8,123.42236842105264,17.733333333333334,91.0,4
12919,2026-09-11,BHS,BAQ,50,91.0,74.0,17.0,55,26,0.2127659574468085,185,85.53333333333333,123.42236842105264,18.116666666666667,97.0,4
12919,2026-09-11,BAQ,BINA,55,98.0,91.0,7.0,61,59,0.23404255319148937,180,100.2,123.42236842105264,18.55,78.0,4
12919,2026-09-11,BINA,LAR,61,79.0,98.0,-19.0,68,44,0.25957446808510637,174,91.4,123.42236842105264,19.583333333333332,102.0,4
12919,2026-09-11,LAR,BAB,68,103.0,79.0,24.0,77,40,0.28936170212765955,167,108.8,123.42236842105264,20.266666666666666,105.0,4
12919,2026-09-11,BAB,VGLJ,77,106.0,103.0,3.0,80,36,0.3276595744680851,158,110.3125,123.42236842105264,20.933333333333334,94.0,4
12919,2026-09-11,VGLJ,DAA,80,95.0,106.0,-11.0,82,29,0.3404255319148936,155,105.3125,123.42236842105264,21.633333333333333,103.0,4
12919,2026-09-11,DAA,DBA,82,103.0,95.0,8.0,85,23,0.34893617021276596,153,110.1875,123.42236842105264,22.016666666666666,103.0,4
12919,2026-09-11,DBA,GWL,85,103.0,103.0,0.0,91,32,0.3617021276595745,150,115.625,123.42236842105264,22.4,109.0,4
12919,2026-09-11,GWL,MRA,91,110.0,103.0,7.0,97,31,0.3872340425531915,144,127.9375,123.42236842105264,22.933333333333334,107.0,4
12919,2026-09-11,MRA,DHO,97,107.0,110.0,-3.0,101,43,0.4127659574468085,138,129.75,123.42236842105264,23.45,88.0,4
12919,2026-09-11,DHO,AGC,101,88.0,107.0,-19.0,105,32,0.4297872340425532,134,115.875,123.42236842105264,0.16666666666666666,103.0,4
12919,2026-09-11,AGC,MTJ,105,103.0,88.0,15.0,113,43,0.44680851063829785,130,128.25,123.42236842105264,0.75,104.0,4
12919,2026-09-11,MTJ,KSV,113,105.0,103.0,2.0,118,29,0.4808510638297872,122,131.3125,123.42236842105264,1.4166666666666667,106.0,4
12919,2026-09-11,KSV,PWL,118,110.0,105.0,5.0,123,66,0.502127659574468,117,138.25,123.42236842105264,1.9,80.0,4
12919,2026-09-11,NZM,NDLS,131,128.0,128.0,0.0,135,27,0.5574468085106383,104,137.375,123.42236842105264,3.8333333333333335,146.0,4
12919,2026-09-11,NDLS,SNP,135,142.0,128.0,14.0,146,55,0.574468085106383,100,136.375,123.42236842105264,4.5,184.0,4
12919,2026-09-11,SNP,PNP,146,204.0,142.0,62.0,153,30,0.6212765957446809,89,159.4375,123.42236842105264,5.2,258.0,4
12919,2026-09-11,PNP,KUN,153,258.0,204.0,54.0,158,24,0.6510638297872341,82,195.6875,123.42236842105264,5.7,258.0,4
12919,2026-09-11,KUN,KKDE,158,258.0,258.0,0.0,163,26,0.6723404255319149,77,199.625,123.42236842105264,6.1,277.0,4
12919,2026-09-11,KKDE,UMB,163,277.0,258.0,19.0,169,60,0.6936170212765957,72,207.875,123.42236842105264,6.533333333333333,292.0,4
12919,2026-09-11,UMB,SIR,169,293.0,277.0,16.0,175,38,0.7191489361702128,66,206.4375,123.42236842105264,7.583333333333333,302.0,4
12919,2026-09-11,SIR,KNN,175,302.0,293.0,9.0,177,17,0.7446808510638298,60,222.9375,123.42236842105264,8.166666666666666,301.0,4
12919,2026-09-11,KNN,LDH,177,343.0,302.0,41.0,184,75,0.7531914893617021,58,234.46666666666667,123.42236842105264,8.45,367.0,4
12919,2026-09-11,LDH,JRC,184,373.0,343.0,30.0,191,53,0.7829787234042553,51,193.375,123.42236842105264,9.833333333333334,405.0,4
12919,2026-09-11,JRC,DZA,191,405.0,373.0,32.0,204,68,0.8127659574468085,44,203.5625,123.42236842105264,10.6,387.0,4
12919,2026-09-11,DZA,MEX,204,387.0,405.0,-18.0,207,17,0.8680851063829788,31,187.9375,123.42236842105264,11.716666666666667,389.0,4
12919,2026-09-11,MEX,PTKC,207,389.0,387.0,2.0,214,29,0.8808510638297873,28,189.1875,123.42236842105264,12.0,395.0,4
12919,2026-09-11,PTKC,MSKT,214,395.0,389.0,6.0,218,41,0.9106382978723404,21,196.75,123.42236842105264,12.5,388.0,4
12919,2026-09-11,MSKT,JAT,218,390.0,395.0,-5.0,228,82,0.9276595744680851,17,186.71428571428572,123.42236842105264,13.166666666666666,374.0,4
12919,2026-09-11,JAT,RMJK,228,376.0,390.0,-14.0,232,49,0.9702127659574468,7,213.75,123.42236842105264,14.583333333333334,407.0,4
12919,2026-09-11,RMJK,MCTM,232,406.0,376.0,30.0,233,24,0.9872340425531915,3,242.3125,123.42236842105264,15.35,399.0,4
12919,2026-09-11,MCTM,CRWL,233,399.0,406.0,-7.0,234,15,0.9914893617021276,2,255.6,123.42236842105264,15.75,403.0,4
12919,2026-09-11,CRWL,SVDK,234,412.0,399.0,13.0,235,32,0.9957446808510638,1,247.3125,123.42236842105264,16.0,401.0,4
12920,2026-09-11,MCTM,RMJK,3,9.0,9.0,0.0,4,16,0.01276595744680851,232,2.85,26.64390756302521,9.166666666666666,11.0,4
12920,2026-09-11,RMJK,JAT,4,10.0,9.0,1.0,8,56,0.01702127659574468,231,9.45,26.64390756302521,9.433333333333334,7.0,4
12920,2026-09-11,JAT,MSKT,8,4.0,10.0,-6.0,18,75,0.03404255319148936,227,11.35,26.64390756302521,10.5,3.0,4
12920,2026-09-11,MSKT,PTKC,18,3.0,4.0,-1.0,22,40,0.07659574468085106,217,7.0,26.64390756302521,11.616666666666667,0.0,4
12920,2026-09-11,PTKC,MEX,22,0.0,3.0,-3.0,29,36,0.09361702127659574,213,5.8,26.64390756302521,12.3,4.0,4
12920,2026-09-11,MEX,DZA,29,5.0,0.0,5.0,32,17,0.12340425531914893,206,9.4,26.64390756302521,12.883333333333333,6.0,4
12920,2026-09-11,DZA,JRC,32,7.0,5.0,2.0,45,67,0.13617021276595745,203,11.2,26.64390756302521,13.166666666666666,6.0,4
12920,2026-09-11,JRC,LDH,45,6.0,7.0,-1.0,52,50,0.19148936170212766,190,2.9,26.64390756302521,14.3,-2.0,4
12920,2026-09-11,LDH,KNN,52,6.0,6.0,0.0,59,53,0.22127659574468084,183,-0.3,26.64390756302521,15.25,-2.0,4
12920,2026-09-11,KNN,SIR,59,0.0,6.0,-6.0,61,16,0.251063829787234,176,-4.65,26.64390756302521,16.0,0.0,4
12920,2026-09-11,SIR,UMB,61,0.0,0.0,0.0,67,46,0.25957446808510637,174,0.1,26.64390756302521,16.266666666666666,0.0,4
12920,2026-09-11,UMB,KKDE,67,0.0,0.0,0.0,73,35,0.2851063829787234,168,0.6,26.64390756302521,17.083333333333332,5.0,4
12920,2026-09-11,KKDE,KUN,73,5.0,0.0,5.0,78,25,0.31063829787234043,162,8.631578947368421,26.64390756302521,17.616666666666667,4.0,4
12920,2026-09-11,KUN,PNP,78,4.0,5.0,-1.0,83,24,0.33191489361702126,157,10.1,26.64390756302521,18.033333333333335,9.0,4
12920,2026-09-11,PNP,SNP,83,22.0,4.0,18.0,90,30,0.35319148936170214,152,18.45,26.64390756302521,18.433333333333334,29.0,4
12920,2026-09-11,SNP,SZM,90,30.0,22.0,8.0,99,42,0.3829787234042553,145,22.2,26.64390756302521,18.933333333333334,22.0,4
12920,2026-09-11,SZM,NDLS,99,22.0,30.0,-8.0,101,39,0.42127659574468085,136,17.6,26.64390756302521,19.633333333333333,4.0,4
12920,2026-09-11,BVH,PWL,111,92.0,92.0,0.0,113,28,0.4723404255319149,124,12.75,26.64390756302521,21.233333333333334,83.0,4
12920,2026-09-11,PWL,KSV,113,85.0,92.0,-7.0,118,28,0.4808510638297872,122,4.4,26.64390756302521,21.7,87.0,4
12920,2026-09-11,KSV,MTJ,118,87.0,85.0,2.0,123,30,0.502127659574468,117,7.4,26.64390756302521,22.166666666666668,96.0,4
12920,2026-09-11,MTJ,AGC,123,97.0,87.0,10.0,131,37,0.5234042553191489,112,15.4,26.64390756302521,22.666666666666668,102.0,4
12920,2026-09-11,AGC,DHO,131,101.0,97.0,4.0,135,58,0.5574468085106383,104,26.6,26.64390756302521,23.333333333333332,88.0,4
12920,2026-09-11,DHO,MRA,135,88.0,101.0,-13.0,139,37,0.574468085106383,100,16.4,26.64390756302521,0.25,73.0,4
12920,2026-09-11,MRA,GWL,139,74.0,88.0,-14.0,145,30,0.5914893617021276,96,7.55,26.64390756302521,0.8666666666666667,80.0,4
12920,2026-09-11,GWL,DBA,145,90.0,74.0,16.0,151,42,0.6170212765957447,90,18.15,26.64390756302521,1.3666666666666667,91.0,4
12920,2026-09-11,DBA,DAA,151,91.0,90.0,1.0,154,26,0.6425531914893617,84,16.35,26.64390756302521,2.066666666666667,92.0,4
12920,2026-09-11,DAA,VGLJ,154,92.0,91.0,1.0,156,37,0.6553191489361702,81,20.85,26.64390756302521,2.5,78.0,4
12920,2026-09-11,VGLJ,BAB,156,78.0,92.0,-14.0,159,32,0.6638297872340425,79,16.25,26.64390756302521,3.216666666666667,80.0,4
12920,2026-09-11,BAB,LAR,159,80.0,78.0,2.0,168,44,0.676595744680851,76,21.65,26.64390756302521,3.65,82.0,4
12920,2026-09-11,LAR,BINA,168,83.0,80.0,3.0,175,69,0.7148936170212766,67,37.8,26.64390756302521,4.383333333333334,58.0,4
12920,2026-09-11,BINA,BAQ,175,57.0,83.0,-26.0,181,36,0.7446808510638298,60,23.6,26.64390756302521,5.583333333333333,62.0,4
12920,2026-09-11,BAQ,BHS,181,62.0,57.0,5.0,186,27,0.7702127659574468,54,30.75,26.64390756302521,6.133333333333334,63.0,4
12920,2026-09-11,BHS,NSZ,186,64.0,62.0,2.0,192,57,0.7914893617021277,49,39.5,26.64390756302521,6.583333333333333,46.0,4
12920,2026-09-11,NSZ,BPL,192,52.0,64.0,-12.0,193,15,0.8170212765957446,43,44.45,26.64390756302521,7.533333333333333,49.0,4
12920,2026-09-11,BPL,SHRN,193,92.0,52.0,40.0,194,41,0.8212765957446808,42,51.1,26.64390756302521,8.083333333333334,89.0,4
12920,2026-09-11,SHRN,SEH,194,90.0,92.0,-2.0,198,12,0.825531914893617,41,26.64390756302521,26.64390756302521,8.466666666666667,107.0,4
12920,2026-09-11,SEH,KPP,198,112.0,90.0,22.0,202,27,0.8425531914893617,37,81.0,26.64390756302521,8.65,108.0,4
12920,2026-09-11,KPP,SJP,202,109.0,112.0,-3.0,204,13,0.8595744680851064,33,82.4,26.64390756302521,9.1,108.0,4
12920,2026-09-11,SJP,AKD,204,108.0,109.0,-1.0,206,15,0.8680851063829788,31,83.4,26.64390756302521,9.333333333333334,107.0,4
12920,2026-09-11,AKD,BCH,206,108.0,108.0,0.0,210,27,0.8765957446808511,29,82.35,26.64390756302521,9.566666666666666,105.0,4
12920,2026-09-11,BCH,MKC,210,106.0,108.0,-2.0,212,29,0.8936170212765957,25,81.15,26.64390756302521,10.033333333333333,100.0,4
12920,2026-09-11,MKC,UJN,212,101.0,106.0,-5.0,217,51,0.902127659574468,23,72.25,26.64390756302521,10.5,100.0,4
12920,2026-09-11,UJN,DWX,217,132.0,101.0,31.0,223,70,0.9234042553191489,18,69.9,26.64390756302521,11.583333333333334,117.0,4
12920,2026-09-11,DWX,INDB,223,120.0,132.0,-12.0,229,65,0.948936170212766,12,73.1,26.64390756302521,12.533333333333333,90.0,4
12920,2026-09-11,INDB,DADN,229,98.0,120.0,-22.0,235,50,0.9744680851063829,6,51.5,26.64390756302521,13.75,80.0,4
12951,2026-09-11,BVI,ST,19,17.0,1.0,16.0,60,143,0.08837209302325581,196,12.5,8.642335766423358,17.366666666666667,8.0,4
12951,2026-09-11,ST,BRC,60,9.0,17.0,-8.0,84,83,0.27906976744186046,155,8.3,8.642335766423358,19.8,9.0,4
12951,2026-09-11,BRC,RTM,84,8.0,9.0,-1.0,120,199,0.39069767441860465,131,14.5,8.642335766423358,21.266666666666666,6.0,4
12951,2026-09-11,RTM,NAD,120,7.0,8.0,-1.0,125,43,0.5581395348837209,95,7.7,8.642335766423358,0.4666666666666667,5.0,4
12951,2026-09-11,NAD,KOTA,125,5.0,7.0,-2.0,152,127,0.5813953488372093,90,5.65,8.642335766423358,1.1666666666666667,9.0,4
12951,2026-09-11,KOTA,NDLS,152,11.0,5.0,6.0,215,317,0.7069767441860465,63,13.1,8.642335766423358,3.3333333333333335,3.0,4
12952,2026-09-11,KOTA,NAD,64,71.0,51.0,20.0,91,147,0.29767441860465116,151,8.428571428571429,5.247058823529412,21.666666666666668,68.0,4
12952,2026-09-11,NAD,RTM,91,68.0,71.0,-3.0,96,33,0.4232558139534884,124,4.0,5.247058823529412,23.983333333333334,74.0,4
12952,2026-09-11,RTM,BRC,96,75.0,68.0,7.0,132,190,0.44651162790697674,119,2.2142857142857144,5.247058823529412,0.55,67.0,4
12952,2026-09-11,BRC,ST,132,68.0,75.0,-7.0,156,93,0.6139534883720931,83,-5.285714285714286,5.247058823529412,3.8333333333333335,67.0,4
12919,2026-09-12,INDB,DWX,2,13.0,4.0,9.0,3,46,0.04,48,5.235294117647059,126.28376703841388,12.25,1.0,5
12919,2026-09-12,DWX,UJN,3,3.0,13.0,-10.0,4,54,0.06,47,6.117647058823529,126.28376703841388,12.883333333333333,0.0,5
12919,2026-09-12,MKC,BCH,5,10.0,10.0,0.0,6,16,0.1,45,8.294117647058824,126.28376703841388,14.6,8.0,5
12919,2026-09-12,BCH,AKD,6,8.0,10.0,-2.0,7,28,0.12,44,10.941176470588236,126.28376703841388,14.883333333333333,6.0,5
12919,2026-09-12,AKD,SJP,7,9.0,8.0,1.0,8,13,0.14,43,6.352941176470588,126.28376703841388,15.333333333333334,8.0,5
12919,2026-09-12,SJP,KPP,8,9.0,9.0,0.0,9,15,0.16,42,7.823529411764706,126.28376703841388,15.566666666666666,5.0,5
12919,2026-09-12,KPP,SEH,9,8.0,9.0,-1.0,10,23,0.18,41,6.117647058823529,126.28376703841388,15.8,3.0,5
12919,2026-09-12,SEH,SHRN,10,8.0,8.0,0.0,11,43,0.2,40,9.117647058823529,126.28376703841388,16.183333333333334,0.0,5
12919,2026-09-12,SHRN,BPL,11,0.0,8.0,-8.0,12,27,0.22,39,0.23529411764705882,126.28376703841388,16.916666666666668,5.0,5
12919,2026-09-12,BPL,NSZ,12,7.0,0.0,7.0,13,22,0.24,38,24.058823529411764,126.28376703841388,17.5,30.0,5
12919,2026-09-12,NSZ,BHS,13,40.0,7.0,33.0,14,23,0.26,37,47.625,126.28376703841388,17.733333333333334,64.0,5
12919,2026-09-12,BHS,BAQ,14,66.0,40.0,26.0,15,26,0.28,36,85.875,126.28376703841388,18.116666666666667,71.0,5
12919,2026-09-12,BAQ,BINA,15,72.0,66.0,6.0,16,59,0.3,35,100.0,126.28376703841388,18.55,78.0,5
12919,2026-09-12,BINA,LAR,16,85.0,72.0,13.0,17,44,0.32,34,90.5625,126.28376703841388,19.583333333333332,90.0,5
12919,2026-09-12,LAR,BAB,17,97.0,85.0,12.0,18,40,0.34,33,108.375,126.28376703841388,20.266666666666666,94.0,5
12919,2026-09-12,BAB,VGLJ,18,100.0,97.0,3.0,19,36,0.36,32,110.0,126.28376703841388,20.933333333333334,96.0,5
12919,2026-09-12,VGLJ,DAA,19,103.0,100.0,3.0,20,29,0.38,31,104.6470588235294,126.28376703841388,21.633333333333333,100.0,5
12919,2026-09-12,DAA,DBA,20,107.0,103.0,4.0,21,23,0.4,30,109.76470588235294,126.28376703841388,22.016666666666666,102.0,5
12919,2026-09-12,DBA,GWL,21,109.0,107.0,2.0,22,32,0.42,29,114.88235294117646,126.28376703841388,22.4,118.0,5
12919,2026-09-12,GWL,MRA,22,118.0,109.0,9.0,23,31,0.44,28,126.82352941176471,126.28376703841388,22.933333333333334,118.0,5
12919,2026-09-12,MRA,DHO,23,118.0,118.0,0.0,24,43,0.46,27,128.41176470588235,126.28376703841388,23.45,118.0,5
12919,2026-09-12,DHO,AGC,24,118.0,118.0,0.0,25,32,0.48,26,114.23529411764706,126.28376703841388,0.16666666666666666,118.0,5
12919,2026-09-12,AGC,MTJ,25,118.0,118.0,0.0,26,43,0.5,25,126.76470588235294,126.28376703841388,0.75,118.0,5
12919,2026-09-12,MTJ,KSV,26,118.0,118.0,0.0,27,29,0.52,24,129.7058823529412,126.28376703841388,1.4166666666666667,118.0,5
12919,2026-09-12,KSV,PWL,27,118.0,118.0,0.0,28,66,0.54,23,136.35294117647058,126.28376703841388,1.9,118.0,5
12919,2026-09-12,PWL,BVH,28,118.0,118.0,0.0,29,18,0.56,22,107.05882352941177,126.28376703841388,3.0,118.0,5
12919,2026-09-12,BVH,FDB,29,118.0,118.0,0.0,30,11,0.58,21,113.25,126.28376703841388,3.3,118.0,5
12919,2026-09-12,FDB,NZM,30,118.0,118.0,0.0,31,21,0.6,20,131.54545454545453,126.28376703841388,3.4833333333333334,118.0,5
12919,2026-09-12,NZM,NDLS,31,118.0,118.0,0.0,32,27,0.62,19,136.76470588235293,126.28376703841388,3.8333333333333335,118.0,5
12919,2026-09-12,NDLS,SNP,32,118.0,118.0,0.0,33,55,0.64,18,136.94117647058823,126.28376703841388,4.5,118.0,5
12919,2026-09-12,SNP,PNP,33,118.0,118.0,0.0,34,30,0.66,17,160.88235294117646,126.28376703841388,5.2,118.0,5
12919,2026-09-12,PNP,KUN,34,118.0,118.0,0.0,35,24,0.68,16,199.35294117647058,126.28376703841388,5.7,118.0,5
12919,2026-09-12,KUN,KKDE,35,118.0,118.0,0.0,36,26,0.7,15,203.05882352941177,126.28376703841388,6.1,118.0,5
12919,2026-09-12,KKDE,UMB,36,118.0,118.0,0.0,37,60,0.72,14,211.94117647058823,126.28376703841388,6.533333333333333,118.0,5
12919,2026-09-12,UMB,SIR,37,118.0,118.0,0.0,38,38,0.74,13,211.47058823529412,126.28376703841388,7.583333333333333,118.0,5
12919,2026-09-12,SIR,KNN,38,118.0,118.0,0.0,39,17,0.76,12,227.58823529411765,126.28376703841388,8.166666666666666,118.0,5
12919,2026-09-12,KNN,LDH,39,118.0,118.0,0.0,40,75,0.78,11,238.625,126.28376703841388,8.45,118.0,5
12919,2026-09-12,LDH,JRC,40,118.0,118.0,0.0,41,53,0.8,10,203.58823529411765,126.28376703841388,9.833333333333334,118.0,5
12919,2026-09-12,JRC,DZA,41,118.0,118.0,0.0,42,68,0.82,9,215.41176470588235,126.28376703841388,10.6,118.0,5
12919,2026-09-12,DZA,MEX,42,118.0,118.0,0.0,43,17,0.84,8,199.64705882352942,126.28376703841388,11.716666666666667,118.0,5
12919,2026-09-12,MEX,PTKC,43,118.0,118.0,0.0,44,29,0.86,7,200.94117647058823,126.28376703841388,12.0,118.0,5
12919,2026-09-12,PTKC,MSKT,44,118.0,118.0,0.0,45,41,0.88,6,208.41176470588235,126.28376703841388,12.5,118.0,5
12919,2026-09-12,MSKT,JAT,45,118.0,118.0,0.0,46,82,0.9,5,200.13333333333333,126.28376703841388,13.166666666666666,118.0,5
12919,2026-09-12,JAT,RMJK,46,118.0,118.0,0.0,47,49,0.92,4,223.1764705882353,126.28376703841388,14.583333333333334,118.0,5
12919,2026-09-12,RMJK,MCTM,47,118.0,118.0,0.0,48,24,0.94,3,252.0,126.28376703841388,15.35,118.0,5
12919,2026-09-12,MCTM,CRWL,48,118.0,118.0,0.0,49,15,0.96,2,279.5,126.28376703841388,15.75,118.0,5
12919,2026-09-12,CRWL,SVDK,49,118.0,118.0,0.0,50,32,0.98,1,256.47058823529414,126.28376703841388,16.0,118.0,5
